id,region,station_name,normalized_name,file_name
0,Praha,"Praha, Karlov","Praha,Karlov",P1PKAR01
1,Praha,"Praha, Klementinum","Praha,Klementinum",P1PKLE01
2,Praha,"Praha, Libu�","Praha,Libu",P1PLIB01
3,Praha,"Praha, Ruzyn�","Praha,Ruzyn",P1PRUZ01
4,Praha,"Praha, St�e�ovice","Praha,Steovice",P1PSTR01
5,Praha,"Praha, Uh��n�ves","Praha,Uhnves",P1PUHR01
6,Praha,"Praha, Vinohrady - Flora","Praha,Vinohrady-Flora",P1PVIN01
7,Stredocesky,"Bene�ov, okres: Bene�ov","Beneov,okres:Beneov",P3BENS01
8,Stredocesky,"�echtice, okres: Bene�ov","echtice,okres:Beneov",P3CECH01
9,Stredocesky,"Hulice, okres: Bene�ov","Hulice,okres:Beneov",P3HULI01
10,Stredocesky,"Netvo�ice, okres: Bene�ov","Netvoice,okres:Beneov",P3NETV01
11,Stredocesky,"Vla�im, okres: Bene�ov","Vlaim,okres:Beneov",P3VLAS01
12,Stredocesky,"Beroun, okres: Beroun","Beroun,okres:Beroun",P1BERO01
13,Stredocesky,"Beroun, Kral�v Dv�r, okres: Beroun","Beroun,KralvDvr,okres:Beroun",P1BERO01
14,Stredocesky,"Hostomice, okres: Beroun","Hostomice,okres:Beroun",P1NEUM01
15,Stredocesky,"Neum�tely, okres: Beroun","Neumtely,okres:Beroun",P1NEUM01
16,Stredocesky,"Kladno,  Kro�ehlavy, okres: Kladno","Kladno,Kroehlavy,okres:Kladno",P1KLAD01
17,Stredocesky,"L�ny, okres: Kladno","Lny,okres:Kladno",P1LANY01
18,Stredocesky,"�esk� Brod, Liblice, okres: Kol�n","eskBrod,Liblice,okres:Koln",P2CBRO01
19,Stredocesky,"Kol�n, okres: Kol�n","Koln,okres:Koln",H3KOLI01
20,Stredocesky,"Mrzky, okres: Kol�n","Mrzky,okres:Koln",P2MRZK01
21,Stredocesky,"Radovesnice II., okres: Kol�n","RadovesniceII.,okres:Koln",H3RADO01
22,Stredocesky,"��slav, Nov� m�sto, okres: Kutn� Hora","slav,Novmsto,okres:KutnHora",H3CASL01
23,Stredocesky,"Sta�kovice, Nov� Ves, okres: Kutn� Hora","Stakovice,NovVes,okres:KutnHora",P3STAN01
24,Stredocesky,"Vav�inec, ��ov, okres: Kutn� Hora","Vavinec,ov,okres:KutnHora",P3STAN01
25,Stredocesky,"Zb��ov, Dobrov�tov, okres: Kutn� Hora","Zbov,Dobrovtov,okres:KutnHora",H3ZBYS01
26,Stredocesky,"Kralupy nad Vltavou, okres: M�ln�k","KralupynadVltavou,okres:Mlnk",P1KRAL01
27,Stredocesky,"M�ln�k, okres: M�ln�k","Mlnk,okres:Mlnk",U2MELN01
28,Stredocesky,"Ti�ice, okres: M�ln�k","Tiice,okres:Mlnk",P2TUHA01
29,Stredocesky,"Tuha�, okres: M�ln�k","Tuha,okres:Mlnk",P2TUHA01
30,Stredocesky,"Katusice, okres: Mlad� Boleslav","Katusice,okres:MladBoleslav",P2KATU01
31,Stredocesky,"Sem�ice, okres: Mlad� Boleslav","Semice,okres:MladBoleslav",P2SEMC01
32,Stredocesky,"Lys� nad Labem, okres: Nymburk","LysnadLabem,okres:Nymburk",P2LYSA01
33,Stredocesky,"M�stec Kr�lov�, okres: Nymburk","MstecKrlov,okres:Nymburk",H3MEST01
34,Stredocesky,"Pod�brady, okres: Nymburk","Podbrady,okres:Nymburk",H3PODE01
35,Stredocesky,"Brand�s nad Labem-St.B, okres: Praha-v�chod","BrandsnadLabem-St.B,okres:Praha-vchod",P2BRAN01
36,Stredocesky,"Ond�ejov, okres: Praha-v�chod","Ondejov,okres:Praha-vchod",P3ONDR01
37,Stredocesky,"Dob�ichovice, okres: Praha-z�pad","Dobichovice,okres:Praha-zpad",P1DOBE01
38,Stredocesky,"Pr�honice, okres: Praha-z�pad","Prhonice,okres:Praha-zpad",P1PRUH01
39,Stredocesky,"Kam�k nad Vltavou, okres: P��bram","KamknadVltavou,okres:Pbram",P1KAMY01
40,Stredocesky,"Klenovice, okres: P��bram","Klenovice,okres:Pbram",C2KLCE01
41,Stredocesky,"Nedrahovice, Rudolec, okres: P��bram","Nedrahovice,Rudolec,okres:Pbram",P3NRUD01
42,Stredocesky,"P��bram, okres: P��bram","Pbram,okres:Pbram",P1PRIB01
43,Stredocesky,"Ro�mit�l pod T�em��nem, okres: P��bram","RomitlpodTemnem,okres:Pbram",C1ROZM01
44,Stredocesky,"Sedl�any, okres: P��bram","Sedlany,okres:Pbram",P3SEDL01
45,Stredocesky,"Solenice, okres: P��bram","Solenice,okres:Pbram",C1SOLE01
46,Stredocesky,"V�evily, okres: P��bram","Vevily,okres:Pbram",C1VSEV01
47,Stredocesky,"He�manov, okres: Rakovn�k","Hemanov,okres:Rakovnk",L2HERM01
48,Stredocesky,"Kn�eves, okres: Rakovn�k","Kneves,okres:Rakovnk",L2KNEZ01
49,Stredocesky,"L�ny, okres: Rakovn�k","Lny,okres:Rakovnk",P1LANY01
50,Jihocesky,"By�ov, okres: �esk� Bud�jovice","Byov,okres:eskBudjovice",C2BYNO01
51,Jihocesky,"�esk� Bud�jovice, vod�rna, okres: �esk� Bud�jovice","eskBudjovice,vodrna,okres:eskBudjovice",C2CBUD01
52,Jihocesky,"�esk� Bud�jovice, Plan�, okres: �esk� Bud�jovice","eskBudjovice,Plan,okres:eskBudjovice",C1PLAN01
53,Jihocesky,"�esk� Bud�jovice, ul. S.K.Neumanna, okres: �esk� Bud�jovice","eskBudjovice,ul.S.K.Neumanna,okres:eskBudjovice",C2CBUD01
54,Jihocesky,"�esk� Bud�jovice, Ro�nov, okres: �esk� Bud�jovice","eskBudjovice,Ronov,okres:eskBudjovice",C2CBUD01
55,Jihocesky,"Horn� Stropnice, Hojn� Voda, okres: �esk� Bud�jovice","HornStropnice,HojnVoda,okres:eskBudjovice",C2HSTR01
56,Jihocesky,"Hos�n, okres: �esk� Bud�jovice","Hosn,okres:eskBudjovice",C2HOSI01
57,Jihocesky,"Rudolfov, Jivno, okres: �esk� Bud�jovice","Rudolfov,Jivno,okres:eskBudjovice",C2RUDJ01
58,Jihocesky,"��mov, okres: �esk� Bud�jovice","mov,okres:eskBudjovice",C2RIMO01
59,Jihocesky,"Temel�n, okres: �esk� Bud�jovice","Temeln,okres:eskBudjovice",C1TEME01
60,Jihocesky,"�ern� v Po�umav�, okres: �esk� Krumlov","ernvPoumav,okres:eskKrumlov",C1CERP01
61,Jihocesky,"�esk�  Krumlov, okres: �esk� Krumlov","eskKrumlov,okres:eskKrumlov",C2CKRU01
62,Jihocesky,"�esk� Krumlov, okres: �esk� Krumlov","eskKrumlov,okres:eskKrumlov",C2CKRU01
63,Jihocesky,"�esk� Krumlov, P��se�n�, okres: �esk� Krumlov","eskKrumlov,Psen,okres:eskKrumlov",C2CKRU01
64,Jihocesky,"�esk� Krumlov, Slupenec, okres: �esk� Krumlov","eskKrumlov,Slupenec,okres:eskKrumlov",C2CKRU01
65,Jihocesky,"Horn� Plan�, H�rka, okres: �esk� Krumlov","HornPlan,Hrka,okres:eskKrumlov",C1HPLA01
66,Jihocesky,"Kle�, okres: �esk� Krumlov","Kle,okres:eskKrumlov",C2KLET01
67,Jihocesky,"Vy��� Brod, okres: �esk� Krumlov","VyBrod,okres:eskKrumlov",C2VBRO01
68,Jihocesky,"Chlum u T�ebon�, okres: Jind�ich�v Hradec","ChlumuTebon,okres:JindichvHradec",C2CHLT01
69,Jihocesky,"Jind�ich�v Hradec, okres: Jind�ich�v Hradec","JindichvHradec,okres:JindichvHradec",C2JHRA01
70,Jihocesky,"Jind�ich�v Hradec, D�bol�n, okres: Jind�ich�v Hradec","JindichvHradec,Dboln,okres:JindichvHradec",C2JHRA01
71,Jihocesky,"T�ebo�, okres: Jind�ich�v Hradec","Tebo,okres:JindichvHradec",C2TREB01
72,Jihocesky,"T�ebo�, Lu�nice, okres: Jind�ich�v Hradec","Tebo,Lunice,okres:JindichvHradec",C2TREB01
73,Jihocesky,"Kest�any, okres: P�sek","Kestany,okres:Psek",C1KEST01
74,Jihocesky,"Ole�n�, okres: P�sek","Olen,okres:Psek",C2OLES01
75,Jihocesky,"Protiv�n, okres: P�sek","Protivn,okres:Psek",C1PROT01
76,Jihocesky,"Vr�, okres: P�sek","Vr,okres:Psek",C1VRAZ01
77,Jihocesky,"Husinec, okres: Prachatice","Husinec,okres:Prachatice",C1HUSI01
78,Jihocesky,"Chur��ov, okres: Prachatice","Churov,okres:Prachatice",C1CHUR01
79,Jihocesky,"Chur��ov, Zd�kov, okres: Prachatice","Churov,Zdkov,okres:Prachatice",C1CHUR03
80,Jihocesky,"Kti�, Tisovka, okres: Prachatice","Kti,Tisovka,okres:Prachatice",C1KTIS01
81,Jihocesky,"Lenora, okres: Prachatice","Lenora,okres:Prachatice",C1LENO01
82,Jihocesky,"Lenora, Hou�n�, okres: Prachatice","Lenora,Houn,okres:Prachatice",C1LENO01
83,Jihocesky,"Lhenice, okres: Prachatice","Lhenice,okres:Prachatice",C1LHEN01
84,Jihocesky,"Markov, okres: Prachatice","Markov,okres:Prachatice",C1MARK01
85,Jihocesky,"Nov� Pec, okres: Prachatice","NovPec,okres:Prachatice",C1NPEC01
86,Jihocesky,"Sm�de�, okres: Prachatice","Smde,okres:Prachatice",C1SMED01
87,Jihocesky,"Volary, okres: Prachatice","Volary,okres:Prachatice",C1VOLR01
88,Jihocesky,"Blatn�, okres: Strakonice","Blatn,okres:Strakonice",C1BLAT01
89,Jihocesky,"Chel�ice, okres: Strakonice","Chelice,okres:Strakonice",C1CHEL01
90,Jihocesky,"Kocelovice, okres: Strakonice","Kocelovice,okres:Strakonice",C1KOCE01
91,Jihocesky,"Strakonice, okres: Strakonice","Strakonice,okres:Strakonice",C1STRA01
92,Jihocesky,"Vod�any, okres: Strakonice","Vodany,okres:Strakonice",C1VODN01
93,Jihocesky,"Bechyn�, okres: T�bor","Bechyn,okres:Tbor",C2BECH01
94,Jihocesky,"Borkovice, okres: T�bor","Borkovice,okres:Tbor",C2BORK01
95,Jihocesky,"Hlasivo, okres: T�bor","Hlasivo,okres:Tbor",C2HLAS01
96,Jihocesky,"Nad�jkov, V�trov, okres: T�bor","Nadjkov,Vtrov,okres:Tbor",C2NADV01
97,Jihocesky,"T�bor, okres: T�bor","Tbor,okres:Tbor",C2TABO01
98,Jihocesky,"T�bor, M�ice, okres: T�bor","Tbor,Mice,okres:Tbor",C2TABO01
99,Jihocesky,"T�bor, N�chod, okres: T�bor","Tbor,Nchod,okres:Tbor",C2TABO01
100,Plzensky,"Doma�lice, okres: Doma�lice","Domalice,okres:Domalice",L1DOMA01
101,Plzensky,"Libkov, okres: Doma�lice","Libkov,okres:Domalice",L1LIBK01
102,Plzensky,"Mut�n�n, okres: Doma�lice","Mutnn,okres:Domalice",L1MUTE01
103,Plzensky,"Sta�kov, okres: Doma�lice","Stakov,okres:Domalice",L1STAN01
104,Plzensky,"Horsk� Kvilda, okres: Klatovy","HorskKvilda,okres:Klatovy",C1HKVI01
105,Plzensky,"Hr�dek, okres: Klatovy","Hrdek,okres:Klatovy",C1HRAS01
106,Plzensky,"Hr�dek u Su�ice, okres: Klatovy","HrdekuSuice,okres:Klatovy",C1SUSI01
107,Plzensky,"Ka�persk� Hory, okres: Klatovy","KaperskHory,okres:Klatovy",C1KHOR01
108,Plzensky,"Klatovy, okres: Klatovy","Klatovy,okres:Klatovy",L1KLAT01
109,Plzensky,"Su�ice, okres: Klatovy","Suice,okres:Klatovy",C1SUSI01
110,Plzensky,"Vlkonice, okres: Klatovy","Vlkonice,okres:Klatovy",C1VLKO01
111,Plzensky,"�elezn� Ruda, Hojsova Str�, okres: Klatovy","eleznRuda,HojsovaStr,okres:Klatovy",L1HOJS01
112,Plzensky,"Nepomuk, okres: Plze�-jih","Nepomuk,okres:Plze-jih",L1NEPO01
113,Plzensky,"Plze�, Dob�any, okres: Plze�-jih","Plze,Dobany,okres:Plze-jih",L1PLZD01
114,Plzensky,"Plze�, m�sto, okres: Plze�-jih","Plze,msto,okres:Plze-jih",L1PLZM01
115,Plzensky,"Plze�, Bolevec, okres: Plze�-m�sto","Plze,Bolevec,okres:Plze-msto",L1PLZB01
116,Plzensky,"Plze�, Mikulka, okres: Plze�-m�sto","Plze,Mikulka,okres:Plze-msto",L1PLMI01
117,Plzensky,"Kralovice, okres: Plze�-sever","Kralovice,okres:Plze-sever",L2KRAL01
118,Plzensky,"Plze�, Bolevec, okres: Plze�-sever","Plze,Bolevec,okres:Plze-sever",L1PLZB01
119,Plzensky,"Zbiroh, �vab�n, okres: Rokycany","Zbiroh,vabn,okres:Rokycany",L2ZBIR01
120,Plzensky,"Konstantinovy L�zn�, okres: Tachov","KonstantinovyLzn,okres:Tachov",L2KONL01
121,Plzensky,"P�imda, okres: Tachov","Pimda,okres:Tachov",L2PRIM01
122,Plzensky,"St��bro, okres: Tachov","Stbro,okres:Tachov",L2STRI01
123,Karlovarsky,"A�, okres: Cheb","A,okres:Cheb",L3AS0001
124,Karlovarsky,"Dyle�, okres: Cheb","Dyle,okres:Cheb",L2DYLE01
125,Karlovarsky,"Franti�kovy L�zn�, okres: Cheb","FrantikovyLzn,okres:Cheb",L3FRAL01
126,Karlovarsky,"Cheb, okres: Cheb","Cheb,okres:Cheb",L3CHEB01
127,Karlovarsky,"Kyn�vart, l�zn�, okres: Cheb","Kynvart,lzn,okres:Cheb",L3KYNZ01
128,Karlovarsky,"Mari�nsk� L�zn�, okres: Cheb","MarinskLzn,okres:Cheb",L2MLAM01
129,Karlovarsky,"Mari�nsk� L�zn�, Skl��e, okres: Cheb","MarinskLzn,Skle,okres:Cheb",L2MLAL01
130,Karlovarsky,"Mari�nsk� L�zn�, vod�rna, okres: Cheb","MarinskLzn,vodrna,okres:Cheb",L2MLAV01
131,Karlovarsky,"Karlovy Vary, okres: Karlovy Vary","KarlovyVary,okres:KarlovyVary",L3KVAZ01
132,Karlovarsky,"Karlovy Vary, Ol�ov� Vrata, okres: Karlovy Vary","KarlovyVary,OlovVrata,okres:KarlovyVary",L3KVAL01
133,Karlovarsky,"Kl�novec, okres: Karlovy Vary","Klnovec,okres:KarlovyVary",L3KLIN01
134,Karlovarsky,"Kr�sn� �dol�, okres: Karlovy Vary","Krsndol,okres:KarlovyVary",L2KRAU01
135,Karlovarsky,"Pot��ky, okres: Karlovy Vary","Potky,okres:KarlovyVary",L3POTU01
136,Karlovarsky,"Tou�im, okres: Karlovy Vary","Touim,okres:KarlovyVary",L2TOUZ01
137,Karlovarsky,"Kr�lovsk� Po����, okres: Sokolov","KrlovskPo,okres:Sokolov",L3KPOR01
138,Karlovarsky,"Sokolov, okres: Sokolov","Sokolov,okres:Sokolov",L3SOKO01
139,Karlovarsky,"�indelov�, Obora, okres: Sokolov","indelov,Obora,okres:Sokolov",L3SIND01
140,Karlovarsky,"V�esov�, okres: Sokolov","Vesov,okres:Sokolov",L3VRES01
141,Ustecky,"D���n, okres: D���n","Dn,okres:Dn",U2DECI01
142,Ustecky,"D���n, Boletice nad Labem, okres: D���n","Dn,BoleticenadLabem,okres:Dn",U2BOLE01
143,Ustecky,"Sn�n�k, okres: D���n","Snnk,okres:Dn",U1SNEZ01
144,Ustecky,"Varnsdorf, okres: D���n","Varnsdorf,okres:Dn",U2VARN01
145,Ustecky,"Hora Svat�ho �ebesti�na, okres: Chomutov","HoraSvathoebestina,okres:Chomutov",U1HORA01
146,Ustecky,"Chomutov, okres: Chomutov","Chomutov,okres:Chomutov",U1CHOV01
147,Ustecky,"Jirkov, okres: Chomutov","Jirkov,okres:Chomutov",U1JIRK01
148,Ustecky,"Jirkov, Pesvice, okres: Chomutov","Jirkov,Pesvice,okres:Chomutov",U1JIRK01
149,Ustecky,"Jirkov, �jezd, okres: Chomutov","Jirkov,jezd,okres:Chomutov",U1UJEZ01
150,Ustecky,"Kada�, okres: Chomutov","Kada,okres:Chomutov",U1KADA01
151,Ustecky,"Kalek, okres: Chomutov","Kalek,okres:Chomutov",U1KALE01
152,Ustecky,"M�d�nec, okres: Chomutov","Mdnec,okres:Chomutov",U1MEDE01
153,Ustecky,"Otvice, okres: Chomutov","Otvice,okres:Chomutov",U1JIRK01
154,Ustecky,"V�slun�, okres: Chomutov","Vslun,okres:Chomutov",U1VYSL01
155,Ustecky,"Doksany, okres: Litom��ice","Doksany,okres:Litomice",U1DOKS01
156,Ustecky,"Hn�vice, okres: Litom��ice","Hnvice,okres:Litomice",U1HNEV01
157,Ustecky,"M�en�-l�zn�, okres: Litom��ice","Men-lzn,okres:Litomice",U1MSEN01
158,Ustecky,"Roudnice nad Labem, okres: Litom��ice","RoudnicenadLabem,okres:Litomice",U1ROUL01
159,Ustecky,"Bl�any, okres: Louny","Blany,okres:Louny",U1BLSA01
160,Ustecky,"H��kov, okres: Louny","Hkov,okres:Louny",U1HRIS01
161,Ustecky,"Lene�ice, okres: Louny","Leneice,okres:Louny",U1LENE01
162,Ustecky,"Louny, okres: Louny","Louny,okres:Louny",U1LOUN01
163,Ustecky,"Podbo�any, okres: Louny","Podboany,okres:Louny",U1PODB01
164,Ustecky,"Smolnice, okres: Louny","Smolnice,okres:Louny",U1SMOL01
165,Ustecky,"Strojetice, okres: Louny","Strojetice,okres:Louny",U1STRJ01
166,Ustecky,"�atec, okres: Louny","atec,okres:Louny",U1ZATE01
167,Ustecky,"Litv�nov, okres: Most","Litvnov,okres:Most",U1LITN01
168,Ustecky,"Most, Ev�nice, okres: Most","Most,Evnice,okres:Most",U1MOST01
169,Ustecky,"Most, Komo�any, okres: Most","Most,Komoany,okres:Most",U1MOST01
170,Ustecky,"Nov� Ves v Hor�ch, okres: Most","NovVesvHorch,okres:Most",U1NOVE01
171,Ustecky,"Bo�islav, okres: Teplice","Boislav,okres:Teplice",U1BORI01
172,Ustecky,"C�novec, okres: Teplice","Cnovec,okres:Teplice",U1CINO01
173,Ustecky,"Dub�, okres: Teplice","Dub,okres:Teplice",U1DUBK01
174,Ustecky,"Teplice, okres: Teplice","Teplice,okres:Teplice",U1TEPL01
175,Ustecky,"�st� nad Labem, okres: �st� nad Labem","stnadLabem,okres:stnadLabem",U1ULMA01
176,Ustecky,"�st� nad Labem, Ko�kov, okres: �st� nad Labem","stnadLabem,Kokov,okres:stnadLabem",U1ULKO01
177,Ustecky,"�st� nad Labem, M�nesovy sady, okres: �st� nad Labem","stnadLabem,Mnesovysady,okres:stnadLabem",U1ULMA01
178,Ustecky,"�st� nad Labem, Va�ov, okres: �st� nad Labem","stnadLabem,Vaov,okres:stnadLabem",U1ULMA01
179,Liberecky,"�esk� L�pa, okres: �esk� L�pa","eskLpa,okres:eskLpa",U2CELI01
180,Liberecky,"Doksy, okres: �esk� L�pa","Doksy,okres:eskLpa",U2DOKY01
181,Liberecky,"Hrad�any, okres: �esk� L�pa","Hradany,okres:eskLpa",U2HRAD01
182,Liberecky,"Str� pod Ralskem, okres: �esk� L�pa","StrpodRalskem,okres:eskLpa",U2STRR01
183,Liberecky,"Bed�ichov, okres: Jablonec nad Nisou","Bedichov,okres:JablonecnadNisou",U2BEDR01
184,Liberecky,"Desn�, Sou�, okres: Jablonec nad Nisou","Desn,Sou,okres:JablonecnadNisou",P2DESN01
185,Liberecky,"Jablonec nad Nisou, okres: Jablonec nad Nisou","JablonecnadNisou,okres:JablonecnadNisou",U2JANI01
186,Liberecky,"Ko�enov, Jizerka, okres: Jablonec nad Nisou","Koenov,Jizerka,okres:JablonecnadNisou",P2KORE01
187,Liberecky,"Smr�ovka, okres: Jablonec nad Nisou","Smrovka,okres:JablonecnadNisou",P2SMRZ01
188,Liberecky,"�esk� Dub, okres: Liberec","eskDub,okres:Liberec",P2CDUB01
189,Liberecky,"�esk� Dub, Modlibohov, okres: Liberec","eskDub,Modlibohov,okres:Liberec",P2CDUB01
190,Liberecky,"Fr�dlant, okres: Liberec","Frdlant,okres:Liberec",U2FRYK01
191,Liberecky,"Hejnice, okres: Liberec","Hejnice,okres:Liberec",U2HEJN01
192,Liberecky,"Jablonn� v Podje�t�d�, okres: Liberec","JablonnvPodjetd,okres:Liberec",U2JAPO01
193,Liberecky,"Je�t�d, okres: Liberec","Jetd,okres:Liberec",U2JEST01
194,Liberecky,"Liberec, okres: Liberec","Liberec,okres:Liberec",U2LIBC01
195,Liberecky,"Nov� M�sto pod Smrkem, okres: Liberec","NovMstopodSmrkem,okres:Liberec",U2NMES01
196,Liberecky,"Pertoltice, okres: Liberec","Pertoltice,okres:Liberec",U2PERT01
197,Liberecky,"Vi��ov�, And�lka, okres: Liberec","Viov,Andlka,okres:Liberec",U2ANDE01
198,Liberecky,"Benecko, okres: Semily","Benecko,okres:Semily",P2BENE01
199,Liberecky,"Harrachov, okres: Semily","Harrachov,okres:Semily",P2HARR01
200,Liberecky,"Holenice, okres: Semily","Holenice,okres:Semily",P2HOLE01
201,Liberecky,"Karlovice, okres: Semily","Karlovice,okres:Semily",P2TURN01
202,Liberecky,"Turnov, okres: Semily","Turnov,okres:Semily",P2TURN01
203,Liberecky,"V�tkovice, Horn� M�se�ky, okres: Semily","Vtkovice,HornMseky,okres:Semily",P2MISE01
204,Liberecky,"Vrbatov� bouda, V�tkovice, okres: Semily","Vrbatovbouda,Vtkovice,okres:Semily",H1VITK01
205,Liberecky,"Vysok� nad Jizerou, okres: Semily","VysoknadJizerou,okres:Semily",P2VYSO01
206,Kralovehradecky,"Dob�enice, okres: Hradec Kr�lov�","Dobenice,okres:HradecKrlov",H3DOBC01
207,Kralovehradecky,"Hradec Kr�lov�, Nov� Hradec Kr�lov�, okres: Hradec Kr�lov�","HradecKrlov,NovHradecKrlov,okres:HradecKrlov",H3HRAD01
208,Kralovehradecky,"Hradec Kr�lov�, Svobodn� Dvory, okres: Hradec Kr�lov�","HradecKrlov,SvobodnDvory,okres:HradecKrlov",H3SVOD01
209,Kralovehradecky,"Nov� Byd�ov, okres: Hradec Kr�lov�","NovBydov,okres:HradecKrlov",H3NBYD01
210,Kralovehradecky,"Holovousy, okres: Ji��n","Holovousy,okres:Jin",H3HOLO01
211,Kralovehradecky,"Ji��n, okres: Ji��n","Jin,okres:Jin",H3JICI01
212,Kralovehradecky,"Ji��n, Soudn�, okres: Ji��n","Jin,Soudn,okres:Jin",H3JICI01
213,Kralovehradecky,"L�zn� B�lohrad, okres: Ji��n","LznBlohrad,okres:Jin",H3LBEL01
214,Kralovehradecky,"Slatiny, Mil��eves, okres: Ji��n","Slatiny,Mileves,okres:Jin",H3SLAT01
215,Kralovehradecky,"Broumov, okres: N�chod","Broumov,okres:Nchod",H3BROU01
216,Kralovehradecky,"�erven� Kostelec, okres: N�chod","ervenKostelec,okres:Nchod",H1CRKO01
217,Kralovehradecky,"�esk� Skalice, Rozko�, okres: N�chod","eskSkalice,Rozko,okres:Nchod",H1CSKL01
218,Kralovehradecky,"Jarom��, okres: N�chod","Jarom,okres:Nchod",H1JARO01
219,Kralovehradecky,"Teplice nad Metuj� Zdo�ov, okres: N�chod","TeplicenadMetujZdoov,okres:Nchod",H1TEPZ01
220,Kralovehradecky,"Velichovky, okres: N�chod","Velichovky,okres:Nchod",H1VELI01
221,Kralovehradecky,"Borohr�dek, okres: Rychnov nad Kn�nou","Borohrdek,okres:RychnovnadKnnou",H2BORH01
222,Kralovehradecky,"De�tn� v Orlic. hor�ch, okres: Rychnov nad Kn�nou","DetnvOrlic.horch,okres:RychnovnadKnnou",H2DEST01
223,Kralovehradecky,"Doudleby nad Orlic�, okres: Rychnov nad Kn�nou","DoudlebynadOrlic,okres:RychnovnadKnnou",H2DOUD01
224,Kralovehradecky,"Luisino �dol�, De�tn� v Orlick�ch hor�ch, okres: Rychnov nad Kn�nou","Luisinodol,DetnvOrlickchhorch,okres:RychnovnadKnnou",H2LUIS01
225,Kralovehradecky,"Rokytnice v Orlic.hor�ch, okres: Rychnov nad Kn�nou","RokytnicevOrlic.horch,okres:RychnovnadKnnou",H2ROKY01
226,Kralovehradecky,"Rychnov nad Kn�nou, okres: Rychnov nad Kn�nou","RychnovnadKnnou,okres:RychnovnadKnnou",H2RYCH01
227,Kralovehradecky,"Dv�r Kr�lov� nad Labem, okres: Trutnov","DvrKrlovnadLabem,okres:Trutnov",H1DVUR01
228,Kralovehradecky,"Jansk� L�zn�, okres: Trutnov","JanskLzn,okres:Trutnov",H1JANL01
229,Kralovehradecky,"Labsk� bouda, okres: Trutnov","Labskbouda,okres:Trutnov",H1LBOU01
230,Kralovehradecky,"Lu�n� bouda, okres: Trutnov","Lunbouda,okres:Trutnov",H1LUCB01
231,Kralovehradecky,"Pec pod Sn�kou, okres: Trutnov","PecpodSnkou,okres:Trutnov",H1PECS01
232,Kralovehradecky,"Sn�ka, Po�tovna, okres: Trutnov","Snka,Potovna,okres:Trutnov",H7SNEZ01
233,Kralovehradecky,"�pindler�v Ml�n, p�ehrada Labsk�, okres: Trutnov","pindlervMln,pehradaLabsk,okres:Trutnov",H1SPIN01
234,Kralovehradecky,"Trutnov, okres: Trutnov","Trutnov,okres:Trutnov",H1TRUT01
235,Kralovehradecky,"�pice, okres: Trutnov","pice,okres:Trutnov",H1UPIC01
236,Kralovehradecky,"�pice, hv�zd�rna, okres: Trutnov","pice,hvzdrna,okres:Trutnov",H1UPIC01
237,Kralovehradecky,"Vrchlab�, okres: Trutnov","Vrchlab,okres:Trutnov",H1VRCH01
238,Kralovehradecky,"�acl��, okres: Trutnov","acl,okres:Trutnov",H1ZACL01
239,Pardubicky,"Chrudim, okres: Chrudim","Chrudim,okres:Chrudim",H3CHRU01
240,Pardubicky,"Kr�sn�, okres: Chrudim","Krsn,okres:Chrudim",H3KRAS01
241,Pardubicky,"Se�, okres: Chrudim","Se,okres:Chrudim",H3SECA01
242,Pardubicky,"Skute�, okres: Chrudim","Skute,okres:Chrudim",H3SKUT01
243,Pardubicky,"Svratouch, okres: Chrudim","Svratouch,okres:Chrudim",H3SVRA01
244,Pardubicky,"Zaje�ice, okres: Chrudim","Zajeice,okres:Chrudim",H3ZAJE01
245,Pardubicky,"Moko��n, okres: Pardubice","Mokon,okres:Pardubice",H3MOKO01
246,Pardubicky,"Pob�ovice u Holic, okres: Pardubice","PoboviceuHolic,okres:Pardubice",H3POBE01
247,Pardubicky,"P�elou�, okres: Pardubice","Pelou,okres:Pardubice",H3PREL01
248,Pardubicky,"Gajer, Janov, okres: Svitavy","Gajer,Janov,okres:Svitavy",H3GAJE01
249,Pardubicky,"Jev��ko, okres: Svitavy","Jevko,okres:Svitavy",O2JEVI01
250,Pardubicky,"Jev��ko, Biskupice, okres: Svitavy","Jevko,Biskupice,okres:Svitavy",O2JEVI01
251,Pardubicky,"Jev��ko, P�edm�st�, okres: Svitavy","Jevko,Pedmst,okres:Svitavy",O2JEVI01
252,Pardubicky,"Litomy�l, okres: Svitavy","Litomyl,okres:Svitavy",H3LITM01
253,Pardubicky,"Nedv�z�, okres: Svitavy","Nedvz,okres:Svitavy",B2NEDV01
254,Pardubicky,"Star� M�sto, okres: Svitavy","StarMsto,okres:Svitavy",O2STME01
255,Pardubicky,"T�eba�ov, okres: Svitavy","Tebaov,okres:Svitavy",O2TREB01
256,Pardubicky,"Doln� Morava, Slam�nka, okres: �st� nad Orlic�","DolnMorava,Slamnka,okres:stnadOrlic",O2SLAM01
257,Pardubicky,"Hru�ov�, okres: �st� nad Orlic�","Hruov,okres:stnadOrlic",H3HRUS01
258,Pardubicky,"Jablonn� nad Orlic�, okres: �st� nad Orlic�","JablonnnadOrlic,okres:stnadOrlic",H2JABL01
259,Pardubicky,"Kr�l�ky, okres: �st� nad Orlic�","Krlky,okres:stnadOrlic",H2KRAL01
260,Pardubicky,"Neko�, okres: �st� nad Orlic�","Neko,okres:stnadOrlic",H2NEKO01
261,Pardubicky,"�st� nad Orlic�, okres: �st� nad Orlic�","stnadOrlic,okres:stnadOrlic",H2USTI01
262,Pardubicky,"�amberk, okres: �st� nad Orlic�","amberk,okres:stnadOrlic",H2ZAMB01
263,Vysocina,"Havl��k�v Brod, okres: Havl��k�v Brod","HavlkvBrod,okres:HavlkvBrod",P3HAVL01
264,Vysocina,"Chot�bo�, okres: Havl��k�v Brod","Chotbo,okres:HavlkvBrod",H3CHTE01
265,Vysocina,"Ko�l�, okres: Havl��k�v Brod","Kol,okres:HavlkvBrod",P3KOZL01
266,Vysocina,"Libice nad Doubravou, okres: Havl��k�v Brod","LibicenadDoubravou,okres:HavlkvBrod",H3LIBC01
267,Vysocina,"P�ibyslav, H�i�t�, okres: Havl��k�v Brod","Pibyslav,Hit,okres:HavlkvBrod",P3PRIB01
268,Vysocina,"Hubenov, okres: Jihlava","Hubenov,okres:Jihlava",B2HUBE01
269,Vysocina,"Jihlava, okres: Jihlava","Jihlava,okres:Jihlava",B2JIHL01
270,Vysocina,"Kosteln� Myslov�, okres: Jihlava","KostelnMyslov,okres:Jihlava",B2KMYS01
271,Vysocina,"Puklice, okres: Jihlava","Puklice,okres:Jihlava",B2PUKL01
272,Vysocina,"�ernovice, okres: Pelh�imov","ernovice,okres:Pelhimov",C2CERN01
273,Vysocina,"�ernovice, Dobe�ov, okres: Pelh�imov","ernovice,Dobeov,okres:Pelhimov",C2CERN01
274,Vysocina,"Ko�etice, okres: Pelh�imov","Koetice,okres:Pelhimov",P3KOSE01
275,Vysocina,"Ko�etice, K�e��n, Kramol�n, okres: Pelh�imov","Koetice,Ken,Kramoln,okres:Pelhimov",P3KOSE01
276,Vysocina,"K�e��n, Kramol�n, okres: Pelh�imov","Ken,Kramoln,okres:Pelhimov",P3KRES01
277,Vysocina,"Nov� Rychnov, okres: Pelh�imov","NovRychnov,okres:Pelhimov",P3NRYC01
278,Vysocina,"Po��tky, okres: Pelh�imov","Potky,okres:Pelhimov",C2POCA01
279,Vysocina,"Dukovany, okres: T�eb��","Dukovany,okres:Teb",B2DUKO01
280,Vysocina,"Moravsk� Bud�jovice, okres: T�eb��","MoravskBudjovice,okres:Teb",B2MBUD01
281,Vysocina,"N�m욝 nad Oslavou, okres: T�eb��","NmyolgnadOslavou,okres:Teb",B2NAMO01
282,Vysocina,"Byst�ice nad Pern�tejnem, okres: ���r nad S�zavou","BysticenadPerntejnem,okres:rnadSzavou",B2BYSP01
283,Vysocina,"Vat�n, okres: ���r nad S�zavou","Vatn,okres:rnadSzavou",B2VATI01
284,Vysocina,"Velk� Mezi����, okres: ���r nad S�zavou","VelkMezi,okres:rnadSzavou",B2VMEZ01
285,Vysocina,"���r nad S�zavou, okres: ���r nad S�zavou","rnadSzavou,okres:rnadSzavou",B2ZDAR01
286,Jihomoravsky,"Boskovice, okres: Blansko","Boskovice,okres:Blansko",B2BOSK01
287,Jihomoravsky,"Lhota Rapotina, okres: Blansko","LhotaRapotina,okres:Blansko",B2LRAP01
288,Jihomoravsky,"Lysice, okres: Blansko","Lysice,okres:Blansko",B2LYSI01
289,Jihomoravsky,"Ole�nice, okres: Blansko","Olenice,okres:Blansko",B2OLES01
290,Jihomoravsky,"Brno, Tu�any, okres: Brno-m�sto","Brno,Tuany,okres:Brno-msto",B2BTUR01
291,Jihomoravsky,"Brno, Veve��, okres: Brno-m�sto","Brno,Veve,okres:Brno-msto",B2BVEV01
292,Jihomoravsky,"Brno, �abov�esky, okres: Brno-m�sto","Brno,abovesky,okres:Brno-msto",B2BZAB01
293,Jihomoravsky,"Ivan�ice, okres: Brno-venkov","Ivanice,okres:Brno-venkov",B2IVAC01
294,Jihomoravsky,"Ti�nov, okres: Brno-venkov","Tinov,okres:Brno-venkov",B2TISN01
295,Jihomoravsky,"Ti�nov, H�jek, okres: Brno-venkov","Tinov,Hjek,okres:Brno-venkov",B2HAJE01
296,Jihomoravsky,"Troubsko, okres: Brno-venkov","Troubsko,okres:Brno-venkov",B2TROU01
297,Jihomoravsky,"�su��, ��ky, okres: Brno-venkov","su,ky,okres:Brno-venkov",B2CIZK01
298,Jihomoravsky,"Brod nad Dyj�, okres: B�eclav","BrodnadDyj,okres:Beclav",B2BROD01
299,Jihomoravsky,"Kobyl�, okres: B�eclav","Kobyl,okres:Beclav",B2KOBY01
300,Jihomoravsky,"Lednice, okres: B�eclav","Lednice,okres:Beclav",B2LEDN01
301,Jihomoravsky,"Mikulov, okres: B�eclav","Mikulov,okres:Beclav",B2MIKU01
302,Jihomoravsky,"Poho�elice, okres: B�eclav","Pohoelice,okres:Beclav",B2POHO01
303,Jihomoravsky,"Velk� Pavlovice, okres: B�eclav","VelkPavlovice,okres:Beclav",B2VPAV01
304,Jihomoravsky,"Bzenec, okres: Hodon�n","Bzenec,okres:Hodonn",B1BZEN01
305,Jihomoravsky,"Hodon�n, okres: Hodon�n","Hodonn,okres:Hodonn",B1HODO01
306,Jihomoravsky,"Str�nice, okres: Hodon�n","Strnice,okres:Hodonn",B1STRZ01
307,Jihomoravsky,"Brankovice, okres: Vy�kov","Brankovice,okres:Vykov",B2BRAK01
308,Jihomoravsky,"Ivanovice na Han�, okres: Vy�kov","IvanovicenaHan,okres:Vykov",B1IVAN01
309,Jihomoravsky,"Nemochovice, okres: Vy�kov","Nemochovice,okres:Vykov",B2NEMO01
310,Jihomoravsky,"Dyj�kovice, okres: Znojmo","Dyjkovice,okres:Znojmo",B2DYJA01
311,Jihomoravsky,"Hevl�n, okres: Znojmo","Hevln,okres:Znojmo",B2HEVL01
312,Jihomoravsky,"Kucha�ovice, okres: Znojmo","Kuchaovice,okres:Znojmo",B2KUCH01
313,Jihomoravsky,"Znojmo, okres: Znojmo","Znojmo,okres:Znojmo",B2ZNOJ01
314,Olomoucky,"Javorn�k, okres: Jesen�k","Javornk,okres:Jesenk",O1JAVO01
315,Olomoucky,"Jesen�k, okres: Jesen�k","Jesenk,okres:Jesenk",O1JESE01
316,Olomoucky,"�er�k, okres: Jesen�k","erk,okres:Jesenk",O1SERA01
317,Olomoucky,"Zlat� Hory, Rejv�z, okres: Jesen�k","ZlatHory,Rejvz,okres:Jesenk",O1REJV01
318,Olomoucky,"Bouzov, okres: Olomouc","Bouzov,okres:Olomouc",O2BOUZ01
319,Olomoucky,"Luk�, okres: Olomouc","Luk,okres:Olomouc",O2LUKA01
320,Olomoucky,"Medlov, Hlivice, okres: Olomouc","Medlov,Hlivice,okres:Olomouc",O2MEHL01
321,Olomoucky,"Olomouc, Holice, okres: Olomouc","Olomouc,Holice,okres:Olomouc",O2OLOM01
322,Olomoucky,"Olomouc, Kl�tern� Hradisko, okres: Olomouc","Olomouc,KlternHradisko,okres:Olomouc",O2OLKL01
323,Olomoucky,"Olomouc, Ne�ed�n, okres: Olomouc","Olomouc,Needn,okres:Olomouc",O2OLNE01
324,Olomoucky,"Olomouc, Slavon�n, okres: Olomouc","Olomouc,Slavonn,okres:Olomouc",O2OLOM01
325,Olomoucky,"Paseka, okres: Olomouc","Paseka,okres:Olomouc",O2PASE01
326,Olomoucky,"Bud�tsko, okres: Prost�jov","Budtsko,okres:Prostjov",B1BUDE01
327,Olomoucky,"Konice, okres: Prost�jov","Konice,okres:Prostjov",B1KONI01
328,Olomoucky,"Prost�jov, okres: Prost�jov","Prostjov,okres:Prostjov",B1PROS01
329,Olomoucky,"Prost�jov, okres: Prost�jov","Prostjov,okres:Prostjov",B1PROS01
330,Olomoucky,"Protivanov, okres: Prost�jov","Protivanov,okres:Prostjov",B1PROT01
331,Olomoucky,"B�lot�n, okres: P�erov","Blotn,okres:Perov",O1BELO01
332,Olomoucky,"B�lot�n, Blahutovice, okres: P�erov","Blotn,Blahutovice,okres:Perov",O1BELO01
333,Olomoucky,"B�lot�n, Lu�ice, okres: P�erov","Blotn,Luice,okres:Perov",O1BELO01
334,Olomoucky,"Horn� Mo�t�nice, okres: P�erov","HornMotnice,okres:Perov",B1HMOS01
335,Olomoucky,"Hranice, okres: P�erov","Hranice,okres:Perov",O3HRAN01
336,Olomoucky,"Hranice, Drahotu�e, okres: P�erov","Hranice,Drahotue,okres:Perov",O3HRAN01
337,Olomoucky,"Kojet�n, okres: P�erov","Kojetn,okres:Perov",B1KOJE01
338,Olomoucky,"P�erov, okres: P�erov","Perov,okres:Perov",O3PRER01
339,Olomoucky,"P�erov, okres: P�erov","Perov,okres:Perov",O3PRER03
340,Olomoucky,"P�erov, okres: P�erov","Perov,okres:Perov",O3PRER05
341,Olomoucky,"P�erov, Hen�lov, okres: P�erov","Perov,Henlov,okres:Perov",O3PRER01
342,Olomoucky,"P�erov, Hen�lov, okres: P�erov","Perov,Henlov,okres:Perov",O3PRER04
343,Olomoucky,"St��t� nad Ludinou, okres: P�erov","SttnadLudinou,okres:Perov",O3STRI01
344,Olomoucky,"B�l� Voda, okres: �umperk","BlVoda,okres:umperk",O1BIVO01
345,Olomoucky,"Dlouh� Str�n�, Kouty nad Desnou, okres: �umperk","DlouhStrn,KoutynadDesnou,okres:umperk",O2DSHN01
346,Olomoucky,"Dubicko, okres: �umperk","Dubicko,okres:umperk",O2DUBI01
347,Olomoucky,"Javorn�k, okres: �umperk","Javornk,okres:umperk",O1JAVO01
348,Olomoucky,"Jesen�k, okres: �umperk","Jesenk,okres:umperk",O1JESE01
349,Olomoucky,"Jesen�k, Bukovice, okres: �umperk","Jesenk,Bukovice,okres:umperk",O1JESE03
350,Olomoucky,"Le�tina, okres: �umperk","Letina,okres:umperk",O2LEST01
351,Olomoucky,"Ol�any u �umperka, okres: �umperk","Olanyuumperka,okres:umperk",O7OLSA01
352,Olomoucky,"Star� M�sto pod Sn�n�kem, Kun�ice, okres: �umperk","StarMstopodSnnkem,Kunice,okres:umperk",O2STKU01
353,Olomoucky,"�umperk, okres: �umperk","umperk,okres:umperk",O2SUMP01
354,Olomoucky,"�umperk, Temenice, okres: �umperk","umperk,Temenice,okres:umperk",O2SUMP01
355,Olomoucky,"Velk� Losiny, okres: �umperk","VelkLosiny,okres:umperk",O2LOSI01
356,Olomoucky,"Z�b�eh, okres: �umperk","Zbeh,okres:umperk",O2ZABR01
357,Moravskoslezsky,"Jind�ichov, okres: Brunt�l","Jindichov,okres:Bruntl",O1JISL01
358,Moravskoslezsky,"Karlova Stud�nka, okres: Brunt�l","KarlovaStudnka,okres:Bruntl",O1KAST01
359,Moravskoslezsky,"Krnov, okres: Brunt�l","Krnov,okres:Bruntl",O1KRNO01
360,Moravskoslezsky,"Krnov, okres: Brunt�l","Krnov,okres:Bruntl",O7KRNO01
361,Moravskoslezsky,"M�sto Albrechtice, ��ry, okres: Brunt�l","MstoAlbrechtice,ry,okres:Bruntl",O1ZARY01
362,Moravskoslezsky,"Osoblaha, okres: Brunt�l","Osoblaha,okres:Bruntl",O1OSOB01
363,Moravskoslezsky,"Prad�d, okres: Brunt�l","Pradd,okres:Bruntl",O1PRAD01
364,Moravskoslezsky,"R�ma�ov, okres: Brunt�l","Rmaov,okres:Bruntl",O1RYMA01
365,Moravskoslezsky,"R�ma�ov, Harrachov, okres: Brunt�l","Rmaov,Harrachov,okres:Bruntl",O1RYMH01
366,Moravskoslezsky,"Sv�tl� Hora, okres: Brunt�l","SvtlHora,okres:Bruntl",O1SVET01
367,Moravskoslezsky,"Zlat� Hory, Rejv�z, okres: Brunt�l","ZlatHory,Rejvz,okres:Bruntl",O1REJV01
368,Moravskoslezsky,"B�l�, Kone�n�, okres: Fr�dek-M�stek","Bl,Konen,okres:Frdek-Mstek",O1BILA01
369,Moravskoslezsky,"B�l� K��, okres: Fr�dek-M�stek","BlK,okres:Frdek-Mstek",O1BIKR01
370,Moravskoslezsky,"Fry�ovice, okres: Fr�dek-M�stek","Fryovice,okres:Frdek-Mstek",O1FRYC01
371,Moravskoslezsky,"Fr�dek-M�stek, M�stek, okres: Fr�dek-M�stek","Frdek-Mstek,Mstek,okres:Frdek-Mstek",O1FMOL01
372,Moravskoslezsky,"Fr�dek-M�stek, M�stek, okres: Fr�dek-M�stek","Frdek-Mstek,Mstek,okres:Frdek-Mstek",O1MIST01
373,Moravskoslezsky,"Jablunkov, okres: Fr�dek-M�stek","Jablunkov,okres:Frdek-Mstek",O1JABL01
374,Moravskoslezsky,"Jablunkov, B�l�, okres: Fr�dek-M�stek","Jablunkov,Bl,okres:Frdek-Mstek",O1JABL01
375,Moravskoslezsky,"Jablunkov, N�vs�, okres: Fr�dek-M�stek","Jablunkov,Nvs,okres:Frdek-Mstek",O1JABL01
376,Moravskoslezsky,"Kr�sn�, Visalaje, okres: Fr�dek-M�stek","Krsn,Visalaje,okres:Frdek-Mstek",O1VISA01
377,Moravskoslezsky,"Lu�ina, okres: Fr�dek-M�stek","Luina,okres:Frdek-Mstek",O1LUCI01
378,Moravskoslezsky,"Lys� hora, okres: Fr�dek-M�stek","Lyshora,okres:Frdek-Mstek",O1LYSA01
379,Moravskoslezsky,"Ropice, okres: Fr�dek-M�stek","Ropice,okres:Frdek-Mstek",O1ROPI01
380,Moravskoslezsky,"Star� Hamry, Gru�, okres: Fr�dek-M�stek","StarHamry,Gru,okres:Frdek-Mstek",O1GRUN01
381,Moravskoslezsky,"T�inec, okres: Fr�dek-M�stek","Tinec,okres:Frdek-Mstek",O1TRIN01
382,Moravskoslezsky,"T�inec, Old�ichovice, Javorov� , okres: Fr�dek-M�stek","Tinec,Oldichovice,Javorov,okres:Frdek-Mstek",O1JAVR01
383,Moravskoslezsky,"T�inec, Old�ichovice,Javorov� vrch, okres: Fr�dek-M�stek","Tinec,Oldichovice,Javorovvrch,okres:Frdek-Mstek",O1JAVR01
384,Moravskoslezsky,"Bohum�n, okres: Karvin�","Bohumn,okres:Karvin",O1BOHU01
385,Moravskoslezsky,"Bohum�n, Star� Bohum�n, okres: Karvin�","Bohumn,StarBohumn,okres:Karvin",O1BOHU01
386,Moravskoslezsky,"Bohum�n, Z�blat�, okres: Karvin�","Bohumn,Zblat,okres:Karvin",O1BOHU01
387,Moravskoslezsky,"Karvin�, okres: Karvin�","Karvin,okres:Karvin",O1KARV01
388,Moravskoslezsky,"Karvin�, Star� M�sto, okres: Karvin�","Karvin,StarMsto,okres:Karvin",O1KARV01
389,Moravskoslezsky,"Stonava, Ho�any, okres: Karvin�","Stonava,Hoany,okres:Karvin",O1STON01
390,Moravskoslezsky,"Stonava, Mexiko, okres: Karvin�","Stonava,Mexiko,okres:Karvin",O1STON01
391,Moravskoslezsky,"Fren�t�t pod Radho�t�m, okres: Nov� Ji��n","FrenttpodRadhotm,okres:NovJin",O1FREN01
392,Moravskoslezsky,"Hladk� �ivotice, okres: Nov� Ji��n","Hladkivotice,okres:NovJin",O7HZIV01
393,Moravskoslezsky,"Klimkovice, okres: Nov� Ji��n","Klimkovice,okres:NovJin",O1KLIM01
394,Moravskoslezsky,"Mo�kov, okres: Nov� Ji��n","Mokov,okres:NovJin",O1MORK01
395,Moravskoslezsky,"Mo�kov, okres: Nov� Ji��n","Mokov,okres:NovJin",O7MORK01
396,Moravskoslezsky,"Mo�nov, okres: Nov� Ji��n","Monov,okres:NovJin",O1MOSN01
397,Moravskoslezsky,"Nov� Ji��n, okres: Nov� Ji��n","NovJin,okres:NovJin",O1NOJI01
398,Moravskoslezsky,"Bohdanovice, okres: Opava","Bohdanovice,okres:Opava",O1BOHD01
399,Moravskoslezsky,"�erven�, okres: Opava","erven,okres:Opava",O1CERV01
400,Moravskoslezsky,"Opava, okres: Opava","Opava,okres:Opava",O1OPAV01
401,Moravskoslezsky,"Opava, Otice, okres: Opava","Opava,Otice,okres:Opava",O1OPAV01
402,Moravskoslezsky,"V�tkov, okres: Opava","Vtkov,okres:Opava",O1VITK01
403,Moravskoslezsky,"V�tkov, okres: Opava","Vtkov,okres:Opava",O7VITK01
404,Moravskoslezsky,"Ostrava, Poruba, okres: Ostrava-m�sto","Ostrava,Poruba,okres:Ostrava-msto",O1PORU01
405,Moravskoslezsky,"Ostrava, Poruba, okres: Ostrava-m�sto","Ostrava,Poruba,okres:Ostrava-msto",O7PORU01
406,Moravskoslezsky,"Ostrava, Slezsk� Ostrava, okres: Ostrava-m�sto","Ostrava,SlezskOstrava,okres:Ostrava-msto",O1OSLZ01
407,Moravskoslezsky,"Ostrava, Z�b�eh, okres: Ostrava-m�sto","Ostrava,Zbeh,okres:Ostrava-msto",O1OZAB01
408,Zlinsky,"Byst�ice pod Host�nem, okres: Krom���","BysticepodHostnem,okres:Krom",B1BYSH01
409,Zlinsky,"Hole�ov, okres: Krom���","Holeov,okres:Krom",B1HOLE01
410,Zlinsky,"Krom���, okres: Krom���","Krom,okres:Krom",B1KROM01
411,Zlinsky,"Star� M�sto, okres: Uhersk� Hradi�t�","StarMsto,okres:UherskHradit",B1STME01
412,Zlinsky,"Str�n�, okres: Uhersk� Hradi�t�","Strn,okres:UherskHradit",B1STRN01
413,Zlinsky,"Uhersk� Hradi�t�, okres: Uhersk� Hradi�t�","UherskHradit,okres:UherskHradit",B1STME01
414,Zlinsky,"Byst�i�ka, okres: Vset�n","Bystika,okres:Vsetn",O3BYST01
415,Zlinsky,"Halenkov, okres: Vset�n","Halenkov,okres:Vsetn",O3HALE01
416,Zlinsky,"Horn� Be�va, okres: Vset�n","HornBeva,okres:Vsetn",O3BECV01
417,Zlinsky,"Ho���lkov�, okres: Vset�n","Holkov,okres:Vsetn",O3HOST01
418,Zlinsky,"Ho���lkov�, Maru�ka, okres: Vset�n","Holkov,Maruka,okres:Vsetn",O3MARU01
419,Zlinsky,"Huslenky, Kychov�, okres: Vset�n","Huslenky,Kychov,okres:Vsetn",O3HUSL01
420,Zlinsky,"Kate�inice, Oji�n�, okres: Vset�n","Kateinice,Ojin,okres:Vsetn",O3KATE01
421,Zlinsky,"Ro�nov pod Radho�t�m, okres: Vset�n","RonovpodRadhotm,okres:Vsetn",O3ROZN01
422,Zlinsky,"Vala�sk� Senice, okres: Vset�n","ValaskSenice,okres:Vsetn",O3VASE01
423,Zlinsky,"Vala�sk� Mezi����, okres: Vset�n","ValaskMezi,okres:Vsetn",O3VALM01
424,Zlinsky,"Velk� Karlovice, Bene�ky, okres: Vset�n","VelkKarlovice,Beneky,okres:Vsetn",O3BENE01
425,Zlinsky,"Vset�n, okres: Vset�n","Vsetn,okres:Vsetn",O3VSET01
426,Zlinsky,"Zub��, okres: Vset�n","Zub,okres:Vsetn",O3ZUBR01
427,Zlinsky,"Brumov-Bylnice, Brumov, okres: Zl�n","Brumov-Bylnice,Brumov,okres:Zln",B1BRBY01
428,Zlinsky,"Brumov-Bylnice, Bylnice, okres: Zl�n","Brumov-Bylnice,Bylnice,okres:Zln",B1BRBY01
429,Zlinsky,"Luha�ovice, okres: Zl�n","Luhaovice,okres:Zln",B1LUHA01
430,Zlinsky,"Luha�ovice, Kladn�-�il�n, okres: Zl�n","Luhaovice,Kladn-iln,okres:Zln",B1KLZI01
431,Zlinsky,"�t�tn� nad Vl��� - Popov, okres: Zl�n","ttnnadVl-Popov,okres:Zln",B1STIT01
432,Zlinsky,"�t�tn� nad Vl��� - Popov, �t�tn� nad Vl���, okres: Zl�n","ttnnadVl-Popov,ttnnadVl,okres:Zln",B1STIT01
433,Zlinsky,"Vizovice, okres: Zl�n","Vizovice,okres:Zln",B1VIZO01
434,Zlinsky,"Zl�n, okres: Zl�n","Zln,okres:Zln",B1ZLIN01
435,Zlinsky,"Zl�n, Mladcov�, okres: Zl�n","Zln,Mladcov,okres:Zln",B1ZLIN01
