id,region,station_name,normalized_name
0,Praha,"Praha, Karlov","Praha,Karlov"
1,Praha,"Praha, Klementinum","Praha,Klementinum"
2,Praha,"Praha, Komořany","Praha,Komorany"
3,Praha,"Praha, Libuš","Praha,Libus"
4,Praha,"Praha, Ruzyně","Praha,Ruzyne"
5,Praha,"Praha, Střešovice","Praha,Stresovice"
6,Praha,"Praha, Uhříněves","Praha,Uhrineves"
7,Praha,"Praha, Vinohrady - Flora","Praha,Vinohrady-Flora"
8,Stredocesky,"Benešov, okres: Benešov","Benesov,okres:Benesov"
9,Stredocesky,"Čechtice, okres: Benešov","Cechtice,okres:Benesov"
10,Stredocesky,"Hulice, okres: Benešov","Hulice,okres:Benesov"
11,Stredocesky,"Netvořice, okres: Benešov","Netvorice,okres:Benesov"
12,Stredocesky,"Vlašim, okres: Benešov","Vlasim,okres:Benesov"
13,Stredocesky,"Beroun, okres: Beroun","Beroun,okres:Beroun"
14,Stredocesky,"Beroun, Kralův Dvůr, okres: Beroun","Beroun,KraluvDvur,okres:Beroun"
15,Stredocesky,"Hostomice, okres: Beroun","Hostomice,okres:Beroun"
16,Stredocesky,"Neumětely, okres: Beroun","Neumetely,okres:Beroun"
17,Stredocesky,"Kladno, Kročehlavy, okres: Kladno","Kladno,Krocehlavy,okres:Kladno"
18,Stredocesky,"Lány, okres: Kladno","Lany,okres:Kladno"
19,Stredocesky,"Český Brod, Liblice, okres: Kolín","CeskyBrod,Liblice,okres:Kolin"
20,Stredocesky,"Kolín, okres: Kolín","Kolin,okres:Kolin"
21,Stredocesky,"Mrzky, okres: Kolín","Mrzky,okres:Kolin"
22,Stredocesky,"Radovesnice II., okres: Kolín","RadovesniceII.,okres:Kolin"
23,Stredocesky,"Čáslav, Nové město, okres: Kutná Hora","Caslav,Novemesto,okres:KutnaHora"
24,Stredocesky,"Staňkovice, Nová Ves, okres: Kutná Hora","Stankovice,NovaVes,okres:KutnaHora"
25,Stredocesky,"Vavřinec, Žíšov, okres: Kutná Hora","Vavrinec,Zisov,okres:KutnaHora"
26,Stredocesky,"Zbýšov, Dobrovítov, okres: Kutná Hora","Zbysov,Dobrovitov,okres:KutnaHora"
27,Stredocesky,"Kralupy nad Vltavou, okres: Mělník","KralupynadVltavou,okres:Melnik"
28,Stredocesky,"Mělník, okres: Mělník","Melnik,okres:Melnik"
29,Stredocesky,"Tišice, okres: Mělník","Tisice,okres:Melnik"
30,Stredocesky,"Tuhaň, okres: Mělník","Tuhan,okres:Melnik"
31,Stredocesky,"Dolní Bousov, okres: Mladá Boleslav","DolniBousov,okres:MladaBoleslav"
32,Stredocesky,"Katusice, okres: Mladá Boleslav","Katusice,okres:MladaBoleslav"
33,Stredocesky,"Semčice, okres: Mladá Boleslav","Semcice,okres:MladaBoleslav"
34,Stredocesky,"Lysá nad Labem, okres: Nymburk","LysanadLabem,okres:Nymburk"
35,Stredocesky,"Městec Králové, okres: Nymburk","MestecKralove,okres:Nymburk"
36,Stredocesky,"Poděbrady, okres: Nymburk","Podebrady,okres:Nymburk"
37,Stredocesky,"Brandýs nad Labem-Stará Boleslav, okres: Praha-východ","BrandysnadLabem-StaraBoleslav,okres:Praha-vychod"
38,Stredocesky,"Ondřejov, okres: Praha-východ","Ondrejov,okres:Praha-vychod"
39,Stredocesky,"Dobřichovice, okres: Praha-západ","Dobrichovice,okres:Praha-zapad"
40,Stredocesky,"Jíloviště, okres: Praha-západ","Jiloviste,okres:Praha-zapad"
41,Stredocesky,"Průhonice, okres: Praha-západ","Pruhonice,okres:Praha-zapad"
42,Stredocesky,"Kamýk nad Vltavou, okres: Příbram","KamyknadVltavou,okres:Pribram"
43,Stredocesky,"Klenovice, okres: Příbram","Klenovice,okres:Pribram"
44,Stredocesky,"Nedrahovice, Rudolec, okres: Příbram","Nedrahovice,Rudolec,okres:Pribram"
45,Stredocesky,"Příbram, okres: Příbram","Pribram,okres:Pribram"
46,Stredocesky,"Rožmitál pod Třemšínem, okres: Příbram","RozmitalpodTremsinem,okres:Pribram"
47,Stredocesky,"Sedlčany, okres: Příbram","Sedlcany,okres:Pribram"
48,Stredocesky,"Solenice, okres: Příbram","Solenice,okres:Pribram"
49,Stredocesky,"Vševily, okres: Příbram","Vsevily,okres:Pribram"
50,Stredocesky,"Heřmanov, okres: Rakovník","Hermanov,okres:Rakovnik"
51,Stredocesky,"Kněževes, okres: Rakovník","Knezeves,okres:Rakovnik"
52,Stredocesky,"Lány, okres: Rakovník","Lany,okres:Rakovnik"
53,Jihocesky,"Byňov, okres: České Budějovice","Bynov,okres:CeskeBudejovice"
54,Jihocesky,"České Budějovice,  vodárna, okres: České Budějovice","CeskeBudejovice,vodarna,okres:CeskeBudejovice"
55,Jihocesky,"České Budějovice, Planá, okres: České Budějovice","CeskeBudejovice,Plana,okres:CeskeBudejovice"
56,Jihocesky,"České Budějovice, ul. S.K.Neumanna, okres: České Budějovice","CeskeBudejovice,ul.S.K.Neumanna,okres:CeskeBudejovice"
57,Jihocesky,"České Budějovice, Rožnov, okres: České Budějovice","CeskeBudejovice,Roznov,okres:CeskeBudejovice"
58,Jihocesky,"Horní Stropnice, Hojná Voda, okres: České Budějovice","HorniStropnice,HojnaVoda,okres:CeskeBudejovice"
59,Jihocesky,"Hosín, okres: České Budějovice","Hosin,okres:CeskeBudejovice"
60,Jihocesky,"Rudolfov, Jivno, okres: České Budějovice","Rudolfov,Jivno,okres:CeskeBudejovice"
61,Jihocesky,"Římov, okres: České Budějovice","Rimov,okres:CeskeBudejovice"
62,Jihocesky,"Temelín, okres: České Budějovice","Temelin,okres:CeskeBudejovice"
63,Jihocesky,"Černá v Pošumaví, okres: Český Krumlov","CernavPosumavi,okres:CeskyKrumlov"
64,Jihocesky,"Český Krumlov, okres: Český Krumlov","CeskyKrumlov,okres:CeskyKrumlov"
65,Jihocesky,"Český Krumlov, Přísečná, okres: Český Krumlov","CeskyKrumlov,Prisecna,okres:CeskyKrumlov"
66,Jihocesky,"Český Krumlov, Slupenec, okres: Český Krumlov","CeskyKrumlov,Slupenec,okres:CeskyKrumlov"
67,Jihocesky,"Horní Planá, Hůrka, okres: Český Krumlov","HorniPlana,Hurka,okres:CeskyKrumlov"
68,Jihocesky,"Křemže, Mříč, okres: Český Krumlov","Kremze,Mric,okres:CeskyKrumlov"
69,Jihocesky,"Vyšší Brod, okres: Český Krumlov","VyssiBrod,okres:CeskyKrumlov"
70,Jihocesky,"Chlum u Třeboně, okres: Jindřichův Hradec","ChlumuTrebone,okres:JindrichuvHradec"
71,Jihocesky,"Jindřichův Hradec, okres: Jindřichův Hradec","JindrichuvHradec,okres:JindrichuvHradec"
72,Jihocesky,"Jindřichův Hradec, Děbolín, okres: Jindřichův Hradec","JindrichuvHradec,Debolin,okres:JindrichuvHradec"
73,Jihocesky,"Třeboň, okres: Jindřichův Hradec","Trebon,okres:JindrichuvHradec"
74,Jihocesky,"Třeboň, Lužnice, okres: Jindřichův Hradec","Trebon,Luznice,okres:JindrichuvHradec"
75,Jihocesky,"Kestřany, okres: Písek","Kestrany,okres:Pisek"
76,Jihocesky,"Olešná, okres: Písek","Olesna,okres:Pisek"
77,Jihocesky,"Protivín, okres: Písek","Protivin,okres:Pisek"
78,Jihocesky,"Vráž, okres: Písek","Vraz,okres:Pisek"
79,Jihocesky,"Borová Lada, okres: Prachatice","BorovaLada,okres:Prachatice"
80,Jihocesky,"Hliniště, okres: Prachatice","Hliniste,okres:Prachatice"
81,Jihocesky,"Husinec, okres: Prachatice","Husinec,okres:Prachatice"
82,Jihocesky,"Churáňov, okres: Prachatice","Churanov,okres:Prachatice"
83,Jihocesky,"Churáňov, Zdíkov, okres: Prachatice","Churanov,Zdikov,okres:Prachatice"
84,Jihocesky,"Ktiš, Tisovka, okres: Prachatice","Ktis,Tisovka,okres:Prachatice"
85,Jihocesky,"Lenora, okres: Prachatice","Lenora,okres:Prachatice"
86,Jihocesky,"Lenora, Houžná, okres: Prachatice","Lenora,Houzna,okres:Prachatice"
87,Jihocesky,"Lhenice, okres: Prachatice","Lhenice,okres:Prachatice"
88,Jihocesky,"Markov, okres: Prachatice","Markov,okres:Prachatice"
89,Jihocesky,"Nová Pec, okres: Prachatice","NovaPec,okres:Prachatice"
90,Jihocesky,"Smědeč, okres: Prachatice","Smedec,okres:Prachatice"
91,Jihocesky,"Vimperk, okres: Prachatice","Vimperk,okres:Prachatice"
92,Jihocesky,"Volary, okres: Prachatice","Volary,okres:Prachatice"
93,Jihocesky,"Blatná, okres: Strakonice","Blatna,okres:Strakonice"
94,Jihocesky,"Chelčice, okres: Strakonice","Chelcice,okres:Strakonice"
95,Jihocesky,"Kocelovice, okres: Strakonice","Kocelovice,okres:Strakonice"
96,Jihocesky,"Sedlice, okres: Strakonice","Sedlice,okres:Strakonice"
97,Jihocesky,"Strakonice, okres: Strakonice","Strakonice,okres:Strakonice"
98,Jihocesky,"Vodňany, okres: Strakonice","Vodnany,okres:Strakonice"
99,Jihocesky,"Bechyně, okres: Tábor","Bechyne,okres:Tabor"
100,Jihocesky,"Borkovice, okres: Tábor","Borkovice,okres:Tabor"
101,Jihocesky,"Hlasivo, okres: Tábor","Hlasivo,okres:Tabor"
102,Jihocesky,"Nadějkov, Větrov, okres: Tábor","Nadejkov,Vetrov,okres:Tabor"
103,Jihocesky,"Tábor, okres: Tábor","Tabor,okres:Tabor"
104,Jihocesky,"Tábor, Měšice, okres: Tábor","Tabor,Mesice,okres:Tabor"
105,Jihocesky,"Tábor, Náchod, okres: Tábor","Tabor,Nachod,okres:Tabor"
106,Plzensky,"Domažlice, okres: Domažlice","Domazlice,okres:Domazlice"
107,Plzensky,"Libkov, okres: Domažlice","Libkov,okres:Domazlice"
108,Plzensky,"Mutěnín, okres: Domažlice","Mutenin,okres:Domazlice"
109,Plzensky,"Staňkov, okres: Domažlice","Stankov,okres:Domazlice"
110,Plzensky,"Horská Kvilda, okres: Klatovy","HorskaKvilda,okres:Klatovy"
111,Plzensky,"Hrádek, okres: Klatovy","Hradek,okres:Klatovy"
112,Plzensky,"Hrádek u Sušice, okres: Klatovy","HradekuSusice,okres:Klatovy"
113,Plzensky,"Kašperské Hory, okres: Klatovy","KasperskeHory,okres:Klatovy"
114,Plzensky,"Klatovy, okres: Klatovy","Klatovy,okres:Klatovy"
115,Plzensky,"Rokytská slať, okres: Klatovy","Rokytskaslat,okres:Klatovy"
116,Plzensky,"Sušice, okres: Klatovy","Susice,okres:Klatovy"
117,Plzensky,"Vlkonice, okres: Klatovy","Vlkonice,okres:Klatovy"
118,Plzensky,"Železná Ruda, Hojsova Stráž, okres: Klatovy","ZeleznaRuda,HojsovaStraz,okres:Klatovy"
119,Plzensky,"Nepomuk, okres: Plzeň-jih","Nepomuk,okres:Plzen-jih"
120,Plzensky,"Plzeň, Dobřany, okres: Plzeň-jih","Plzen,Dobrany,okres:Plzen-jih"
121,Plzensky,"Plzeň, město, okres: Plzeň-jih","Plzen,mesto,okres:Plzen-jih"
122,Plzensky,"Plzeň, Bolevec, okres: Plzeň-město","Plzen,Bolevec,okres:Plzen-mesto"
123,Plzensky,"Plzeň, Mikulka, okres: Plzeň-město","Plzen,Mikulka,okres:Plzen-mesto"
124,Plzensky,"Kralovice, okres: Plzeň-sever","Kralovice,okres:Plzen-sever"
125,Plzensky,"Plzeň, Bolevec, okres: Plzeň-sever","Plzen,Bolevec,okres:Plzen-sever"
126,Plzensky,"Zbiroh, Švabín, okres: Rokycany","Zbiroh,Svabin,okres:Rokycany"
127,Plzensky,"Konstantinovy Lázně, okres: Tachov","KonstantinovyLazne,okres:Tachov"
128,Plzensky,"Přimda, okres: Tachov","Primda,okres:Tachov"
129,Plzensky,"Stříbro, okres: Tachov","Stribro,okres:Tachov"
130,Plzensky,"Tachov, okres: Tachov","Tachov,okres:Tachov"
131,Karlovarsky,"Aš, okres: Cheb","As,okres:Cheb"
132,Karlovarsky,"Dyleň, okres: Cheb","Dylen,okres:Cheb"
133,Karlovarsky,"Františkovy Lázně, okres: Cheb","FrantiskovyLazne,okres:Cheb"
134,Karlovarsky,"Cheb, okres: Cheb","Cheb,okres:Cheb"
135,Karlovarsky,"Kynžvart, lázně, okres: Cheb","Kynzvart,lazne,okres:Cheb"
136,Karlovarsky,"Mariánské Lázně, okres: Cheb","MarianskeLazne,okres:Cheb"
137,Karlovarsky,"Mariánské Lázně, Skláře, okres: Cheb","MarianskeLazne,Sklare,okres:Cheb"
138,Karlovarsky,"Mariánské Lázně, vodárna, okres: Cheb","MarianskeLazne,vodarna,okres:Cheb"
139,Karlovarsky,"Jelení, okres: Karlovy Vary","Jeleni,okres:KarlovyVary"
140,Karlovarsky,"Karlovy Vary, okres: Karlovy Vary","KarlovyVary,okres:KarlovyVary"
141,Karlovarsky,"Karlovy Vary, Olšová Vrata, okres: Karlovy Vary","KarlovyVary,OlsovaVrata,okres:KarlovyVary"
142,Karlovarsky,"Klínovec, okres: Karlovy Vary","Klinovec,okres:KarlovyVary"
143,Karlovarsky,"Krásné Údolí, okres: Karlovy Vary","KrasneUdoli,okres:KarlovyVary"
144,Karlovarsky,"Nejdek, okres: Karlovy Vary","Nejdek,okres:KarlovyVary"
145,Karlovarsky,"Potůčky, okres: Karlovy Vary","Potucky,okres:KarlovyVary"
146,Karlovarsky,"Toužim, okres: Karlovy Vary","Touzim,okres:KarlovyVary"
147,Karlovarsky,"Královské Poříčí, okres: Sokolov","KralovskePorici,okres:Sokolov"
148,Karlovarsky,"Sokolov, okres: Sokolov","Sokolov,okres:Sokolov"
149,Karlovarsky,"Šindelová, Obora, okres: Sokolov","Sindelova,Obora,okres:Sokolov"
150,Karlovarsky,"Vřesová, okres: Sokolov","Vresova,okres:Sokolov"
151,Ustecky,"Děčín, okres: Děčín","Decin,okres:Decin"
152,Ustecky,"Děčín, Boletice nad Labem, okres: Děčín","Decin,BoleticenadLabem,okres:Decin"
153,Ustecky,"Sněžník, okres: Děčín","Sneznik,okres:Decin"
154,Ustecky,"Varnsdorf, okres: Děčín","Varnsdorf,okres:Decin"
155,Ustecky,"Hora Svatého Šebestiána, okres: Chomutov","HoraSvatehoSebestiana,okres:Chomutov"
156,Ustecky,"Chomutov, okres: Chomutov","Chomutov,okres:Chomutov"
157,Ustecky,"Jirkov, okres: Chomutov","Jirkov,okres:Chomutov"
158,Ustecky,"Jirkov, Pesvice, okres: Chomutov","Jirkov,Pesvice,okres:Chomutov"
159,Ustecky,"Jirkov, Újezd, okres: Chomutov","Jirkov,Ujezd,okres:Chomutov"
160,Ustecky,"Kadaň, okres: Chomutov","Kadan,okres:Chomutov"
161,Ustecky,"Kalek, okres: Chomutov","Kalek,okres:Chomutov"
162,Ustecky,"Měděnec, okres: Chomutov","Medenec,okres:Chomutov"
163,Ustecky,"Otvice, okres: Chomutov","Otvice,okres:Chomutov"
164,Ustecky,"Výsluní, okres: Chomutov","Vysluni,okres:Chomutov"
165,Ustecky,"Doksany, okres: Litoměřice","Doksany,okres:Litomerice"
166,Ustecky,"Hněvice, okres: Litoměřice","Hnevice,okres:Litomerice"
167,Ustecky,"Mšené-lázně, okres: Litoměřice","Msene-lazne,okres:Litomerice"
168,Ustecky,"Roudnice nad Labem, okres: Litoměřice","RoudnicenadLabem,okres:Litomerice"
169,Ustecky,"Blšany, okres: Louny","Blsany,okres:Louny"
170,Ustecky,"Hříškov, okres: Louny","Hriskov,okres:Louny"
171,Ustecky,"Lenešice, okres: Louny","Lenesice,okres:Louny"
172,Ustecky,"Louny, okres: Louny","Louny,okres:Louny"
173,Ustecky,"Podbořany, okres: Louny","Podborany,okres:Louny"
174,Ustecky,"Smolnice, okres: Louny","Smolnice,okres:Louny"
175,Ustecky,"Strojetice, okres: Louny","Strojetice,okres:Louny"
176,Ustecky,"Žatec, okres: Louny","Zatec,okres:Louny"
177,Ustecky,"Havraň, okres: Most","Havran,okres:Most"
178,Ustecky,"Litvínov, okres: Most","Litvinov,okres:Most"
179,Ustecky,"Most, Evěnice, okres: Most","Most,Evenice,okres:Most"
180,Ustecky,"Most, Komořany, okres: Most","Most,Komorany,okres:Most"
181,Ustecky,"Nová Ves v Horách, okres: Most","NovaVesvHorach,okres:Most"
182,Ustecky,"Bořislav, okres: Teplice","Borislav,okres:Teplice"
183,Ustecky,"Cínovec, okres: Teplice","Cinovec,okres:Teplice"
184,Ustecky,"Dubí, okres: Teplice","Dubi,okres:Teplice"
185,Ustecky,"Teplice, okres: Teplice","Teplice,okres:Teplice"
186,Ustecky,"Ústí nad Labem, okres: Ústí nad Labem","UstinadLabem,okres:UstinadLabem"
187,Ustecky,"Ústí nad Labem, Kočkov, okres: Ústí nad Labem","UstinadLabem,Kockov,okres:UstinadLabem"
188,Ustecky,"Ústí nad Labem, Mánesovy sady, okres: Ústí nad Labem","UstinadLabem,Manesovysady,okres:UstinadLabem"
189,Ustecky,"Ústí nad Labem, Vaňov, okres: Ústí nad Labem","UstinadLabem,Vanov,okres:UstinadLabem"
190,Liberecky,"Česká Lípa, okres: Česká Lípa","CeskaLipa,okres:CeskaLipa"
191,Liberecky,"Doksy, okres: Česká Lípa","Doksy,okres:CeskaLipa"
192,Liberecky,"Hradčany, okres: Česká Lípa","Hradcany,okres:CeskaLipa"
193,Liberecky,"Stráž pod Ralskem, okres: Česká Lípa","StrazpodRalskem,okres:CeskaLipa"
194,Liberecky,"Bedřichov, okres: Jablonec nad Nisou","Bedrichov,okres:JablonecnadNisou"
195,Liberecky,"Bedřichov, Nová louka, okres: Jablonec nad Nisou","Bedrichov,Novalouka,okres:JablonecnadNisou"
196,Liberecky,"Desná, Souš, okres: Jablonec nad Nisou","Desna,Sous,okres:JablonecnadNisou"
197,Liberecky,"Jablonec nad Nisou, okres: Jablonec nad Nisou","JablonecnadNisou,okres:JablonecnadNisou"
198,Liberecky,"Kořenov, Jizerka, okres: Jablonec nad Nisou","Korenov,Jizerka,okres:JablonecnadNisou"
199,Liberecky,"Smržovka, okres: Jablonec nad Nisou","Smrzovka,okres:JablonecnadNisou"
200,Liberecky,"Český Dub, okres: Liberec","CeskyDub,okres:Liberec"
201,Liberecky,"Český Dub, Modlibohov, okres: Liberec","CeskyDub,Modlibohov,okres:Liberec"
202,Liberecky,"Frýdlant, okres: Liberec","Frydlant,okres:Liberec"
203,Liberecky,"Hejnice, okres: Liberec","Hejnice,okres:Liberec"
204,Liberecky,"Jablonné v Podještědí, okres: Liberec","JablonnevPodjestedi,okres:Liberec"
205,Liberecky,"Ještěd, okres: Liberec","Jested,okres:Liberec"
206,Liberecky,"Liberec, okres: Liberec","Liberec,okres:Liberec"
207,Liberecky,"Nové Město pod Smrkem, okres: Liberec","NoveMestopodSmrkem,okres:Liberec"
208,Liberecky,"Pertoltice, okres: Liberec","Pertoltice,okres:Liberec"
209,Liberecky,"Višňová, Andělka, okres: Liberec","Visnova,Andelka,okres:Liberec"
210,Liberecky,"Benecko, okres: Semily","Benecko,okres:Semily"
211,Liberecky,"Dvoračky, okres: Semily","Dvoracky,okres:Semily"
212,Liberecky,"Harrachov, okres: Semily","Harrachov,okres:Semily"
213,Liberecky,"Holenice, okres: Semily","Holenice,okres:Semily"
214,Liberecky,"Karlovice, okres: Semily","Karlovice,okres:Semily"
215,Liberecky,"Turnov, okres: Semily","Turnov,okres:Semily"
216,Liberecky,"Vítkovice, Horní Mísečky, okres: Semily","Vitkovice,HorniMisecky,okres:Semily"
217,Liberecky,"Vrbatová bouda, Vítkovice, okres: Semily","Vrbatovabouda,Vitkovice,okres:Semily"
218,Liberecky,"Vysoké nad Jizerou, okres: Semily","VysokenadJizerou,okres:Semily"
219,Kralovehradecky,"Dobřenice, okres: Hradec Králové","Dobrenice,okres:HradecKralove"
220,Kralovehradecky,"Hradec Králové, Nový Hradec Králové, okres: Hradec Králové","HradecKralove,NovyHradecKralove,okres:HradecKralove"
221,Kralovehradecky,"Hradec Králové, Svobodné Dvory, okres: Hradec Králové","HradecKralove,SvobodneDvory,okres:HradecKralove"
222,Kralovehradecky,"Nový Bydžov, okres: Hradec Králové","NovyBydzov,okres:HradecKralove"
223,Kralovehradecky,"Holovousy, okres: Jičín","Holovousy,okres:Jicin"
224,Kralovehradecky,"Jičín, okres: Jičín","Jicin,okres:Jicin"
225,Kralovehradecky,"Jičín, Soudná, okres: Jičín","Jicin,Soudna,okres:Jicin"
226,Kralovehradecky,"Lázně Bělohrad, okres: Jičín","LazneBelohrad,okres:Jicin"
227,Kralovehradecky,"Slatiny, Milíčeves, okres: Jičín","Slatiny,Miliceves,okres:Jicin"
228,Kralovehradecky,"Broumov, okres: Náchod","Broumov,okres:Nachod"
229,Kralovehradecky,"Červený Kostelec, okres: Náchod","CervenyKostelec,okres:Nachod"
230,Kralovehradecky,"Česká Skalice, Rozkoš, okres: Náchod","CeskaSkalice,Rozkos,okres:Nachod"
231,Kralovehradecky,"Jaroměř, okres: Náchod","Jaromer,okres:Nachod"
232,Kralovehradecky,"Teplice nad Metují Zdoňov, okres: Náchod","TeplicenadMetujiZdonov,okres:Nachod"
233,Kralovehradecky,"Velichovky, okres: Náchod","Velichovky,okres:Nachod"
234,Kralovehradecky,"Borohrádek, okres: Rychnov nad Kněžnou","Borohradek,okres:RychnovnadKneznou"
235,Kralovehradecky,"Deštné v Orlic. horách, okres: Rychnov nad Kněžnou","DestnevOrlic.horach,okres:RychnovnadKneznou"
236,Kralovehradecky,"Doudleby nad Orlicí, okres: Rychnov nad Kněžnou","DoudlebynadOrlici,okres:RychnovnadKneznou"
237,Kralovehradecky,"Luisino údolí, Deštné v Orlických horách, okres: Rychnov nad Kněžnou","Luisinoudoli,DestnevOrlickychhorach,okres:RychnovnadKneznou"
238,Kralovehradecky,"Rokytnice v Orlic.horách, okres: Rychnov nad Kněžnou","RokytnicevOrlic.horach,okres:RychnovnadKneznou"
239,Kralovehradecky,"Rychnov nad Kněžnou, okres: Rychnov nad Kněžnou","RychnovnadKneznou,okres:RychnovnadKneznou"
240,Kralovehradecky,"Dvůr Králové nad Labem, okres: Trutnov","DvurKralovenadLabem,okres:Trutnov"
241,Kralovehradecky,"Janské Lázně, okres: Trutnov","JanskeLazne,okres:Trutnov"
242,Kralovehradecky,"Labská bouda, okres: Trutnov","Labskabouda,okres:Trutnov"
243,Kralovehradecky,"Luční bouda, okres: Trutnov","Lucnibouda,okres:Trutnov"
244,Kralovehradecky,"Pec pod Sněžkou, okres: Trutnov","PecpodSnezkou,okres:Trutnov"
245,Kralovehradecky,"Sněžka, Poštovna, okres: Trutnov","Snezka,Postovna,okres:Trutnov"
246,Kralovehradecky,"Špindlerův Mlýn, přehrada Labská, okres: Trutnov","SpindleruvMlyn,prehradaLabska,okres:Trutnov"
247,Kralovehradecky,"Trutnov, okres: Trutnov","Trutnov,okres:Trutnov"
248,Kralovehradecky,"Úpice, okres: Trutnov","Upice,okres:Trutnov"
249,Kralovehradecky,"Úpice, hvězdárna, okres: Trutnov","Upice,hvezdarna,okres:Trutnov"
250,Kralovehradecky,"Vrchlabí, okres: Trutnov","Vrchlabi,okres:Trutnov"
251,Kralovehradecky,"Žacléř, okres: Trutnov","Zacler,okres:Trutnov"
252,Pardubicky,"Chrudim, okres: Chrudim","Chrudim,okres:Chrudim"
253,Pardubicky,"Krásné, okres: Chrudim","Krasne,okres:Chrudim"
254,Pardubicky,"Seč, okres: Chrudim","Sec,okres:Chrudim"
255,Pardubicky,"Skuteč, okres: Chrudim","Skutec,okres:Chrudim"
256,Pardubicky,"Svratouch, okres: Chrudim","Svratouch,okres:Chrudim"
257,Pardubicky,"Zaječice, okres: Chrudim","Zajecice,okres:Chrudim"
258,Pardubicky,"Mokošín, okres: Pardubice","Mokosin,okres:Pardubice"
259,Pardubicky,"Poběžovice u Holic, okres: Pardubice","PobezoviceuHolic,okres:Pardubice"
260,Pardubicky,"Přelouč, okres: Pardubice","Prelouc,okres:Pardubice"
261,Pardubicky,"Gajer, Janov, okres: Svitavy","Gajer,Janov,okres:Svitavy"
262,Pardubicky,"Jevíčko, okres: Svitavy","Jevicko,okres:Svitavy"
263,Pardubicky,"Jevíčko, Biskupice, okres: Svitavy","Jevicko,Biskupice,okres:Svitavy"
264,Pardubicky,"Jevíčko, Předměstí, okres: Svitavy","Jevicko,Predmesti,okres:Svitavy"
265,Pardubicky,"Litomyšl, okres: Svitavy","Litomysl,okres:Svitavy"
266,Pardubicky,"Nedvězí, okres: Svitavy","Nedvezi,okres:Svitavy"
267,Pardubicky,"Staré Město, okres: Svitavy","StareMesto,okres:Svitavy"
268,Pardubicky,"Třebařov, okres: Svitavy","Trebarov,okres:Svitavy"
269,Pardubicky,"Zadní Arnoštov, okres: Svitavy","ZadniArnostov,okres:Svitavy"
270,Pardubicky,"Dolní Morava, Slaměnka, okres: Ústí nad Orlicí","DolniMorava,Slamenka,okres:UstinadOrlici"
271,Pardubicky,"Hrušová, okres: Ústí nad Orlicí","Hrusova,okres:UstinadOrlici"
272,Pardubicky,"Jablonné nad Orlicí, okres: Ústí nad Orlicí","JablonnenadOrlici,okres:UstinadOrlici"
273,Pardubicky,"Králický Sněžník, okres: Ústí nad Orlicí","KralickySneznik,okres:UstinadOrlici"
274,Pardubicky,"Králíky, okres: Ústí nad Orlicí","Kraliky,okres:UstinadOrlici"
275,Pardubicky,"Lanškroun, okres: Ústí nad Orlicí","Lanskroun,okres:UstinadOrlici"
276,Pardubicky,"Nekoř, okres: Ústí nad Orlicí","Nekor,okres:UstinadOrlici"
277,Pardubicky,"Ústí nad Orlicí, okres: Ústí nad Orlicí","UstinadOrlici,okres:UstinadOrlici"
278,Pardubicky,"Žamberk, okres: Ústí nad Orlicí","Zamberk,okres:UstinadOrlici"
279,Vysocina,"Havlíčkův Brod, okres: Havlíčkův Brod","HavlickuvBrod,okres:HavlickuvBrod"
280,Vysocina,"Chotěboř, okres: Havlíčkův Brod","Chotebor,okres:HavlickuvBrod"
281,Vysocina,"Kožlí, okres: Havlíčkův Brod","Kozli,okres:HavlickuvBrod"
282,Vysocina,"Libice nad Doubravou, okres: Havlíčkův Brod","LibicenadDoubravou,okres:HavlickuvBrod"
283,Vysocina,"Přibyslav, Hřiště, okres: Havlíčkův Brod","Pribyslav,Hriste,okres:HavlickuvBrod"
284,Vysocina,"Hubenov, okres: Jihlava","Hubenov,okres:Jihlava"
285,Vysocina,"Jihlava, okres: Jihlava","Jihlava,okres:Jihlava"
286,Vysocina,"Jihlava, Hruškové Dvory, okres: Jihlava","Jihlava,HruskoveDvory,okres:Jihlava"
287,Vysocina,"Kostelní Myslová, okres: Jihlava","KostelniMyslova,okres:Jihlava"
288,Vysocina,"Puklice, okres: Jihlava","Puklice,okres:Jihlava"
289,Vysocina,"Černovice, okres: Pelhřimov","Cernovice,okres:Pelhrimov"
290,Vysocina,"Černovice, Dobešov, okres: Pelhřimov","Cernovice,Dobesov,okres:Pelhrimov"
291,Vysocina,"Košetice, okres: Pelhřimov","Kosetice,okres:Pelhrimov"
292,Vysocina,"Košetice, Křešín, Kramolín, okres: Pelhřimov","Kosetice,Kresin,Kramolin,okres:Pelhrimov"
293,Vysocina,"Křešín, Kramolín, okres: Pelhřimov","Kresin,Kramolin,okres:Pelhrimov"
294,Vysocina,"Nový Rychnov, okres: Pelhřimov","NovyRychnov,okres:Pelhrimov"
295,Vysocina,"Počátky, okres: Pelhřimov","Pocatky,okres:Pelhrimov"
296,Vysocina,"Dukovany, okres: Třebíč","Dukovany,okres:Trebic"
297,Vysocina,"Moravské Budějovice, okres: Třebíč","MoravskeBudejovice,okres:Trebic"
298,Vysocina,"Náměšť nad Oslavou, okres: Třebíč","NamestnadOslavou,okres:Trebic"
299,Vysocina,"Bystřice nad Pernštejnem, okres: Žďár nad Sázavou","BystricenadPernstejnem,okres:ZdarnadSazavou"
300,Vysocina,"Vatín, okres: Žďár nad Sázavou","Vatin,okres:ZdarnadSazavou"
301,Vysocina,"Velké Meziříčí, okres: Žďár nad Sázavou","VelkeMezirici,okres:ZdarnadSazavou"
302,Vysocina,"Žďár nad Sázavou, okres: Žďár nad Sázavou","ZdarnadSazavou,okres:ZdarnadSazavou"
303,Jihomoravsky,"Boskovice, okres: Blansko","Boskovice,okres:Blansko"
304,Jihomoravsky,"Lhota Rapotina, okres: Blansko","LhotaRapotina,okres:Blansko"
305,Jihomoravsky,"Lysice, okres: Blansko","Lysice,okres:Blansko"
306,Jihomoravsky,"Olešnice, okres: Blansko","Olesnice,okres:Blansko"
307,Jihomoravsky,"Brno, Tuřany, okres: Brno-město","Brno,Turany,okres:Brno-mesto"
308,Jihomoravsky,"Brno, Veveří, okres: Brno-město","Brno,Veveri,okres:Brno-mesto"
309,Jihomoravsky,"Brno, Žabovřesky, okres: Brno-město","Brno,Zabovresky,okres:Brno-mesto"
310,Jihomoravsky,"Ivančice, okres: Brno-venkov","Ivancice,okres:Brno-venkov"
311,Jihomoravsky,"Tišnov, okres: Brno-venkov","Tisnov,okres:Brno-venkov"
312,Jihomoravsky,"Tišnov, Hájek, okres: Brno-venkov","Tisnov,Hajek,okres:Brno-venkov"
313,Jihomoravsky,"Troubsko, okres: Brno-venkov","Troubsko,okres:Brno-venkov"
314,Jihomoravsky,"Úsuší, Čížky, okres: Brno-venkov","Ususi,Cizky,okres:Brno-venkov"
315,Jihomoravsky,"Brod nad Dyjí, okres: Břeclav","BrodnadDyji,okres:Breclav"
316,Jihomoravsky,"Kobylí, okres: Břeclav","Kobyli,okres:Breclav"
317,Jihomoravsky,"Lednice, okres: Břeclav","Lednice,okres:Breclav"
318,Jihomoravsky,"Mikulov, okres: Břeclav","Mikulov,okres:Breclav"
319,Jihomoravsky,"Pohořelice, okres: Břeclav","Pohorelice,okres:Breclav"
320,Jihomoravsky,"Velké Pavlovice, okres: Břeclav","VelkePavlovice,okres:Breclav"
321,Jihomoravsky,"Bzenec, okres: Hodonín","Bzenec,okres:Hodonin"
322,Jihomoravsky,"Hodonín, okres: Hodonín","Hodonin,okres:Hodonin"
323,Jihomoravsky,"Strážnice, okres: Hodonín","Straznice,okres:Hodonin"
324,Jihomoravsky,"Ždánice, okres: Hodonín","Zdanice,okres:Hodonin"
325,Jihomoravsky,"Brankovice, okres: Vyškov","Brankovice,okres:Vyskov"
326,Jihomoravsky,"Ivanovice na Hané, okres: Vyškov","IvanovicenaHane,okres:Vyskov"
327,Jihomoravsky,"Nemochovice, okres: Vyškov","Nemochovice,okres:Vyskov"
328,Jihomoravsky,"Dyjákovice, okres: Znojmo","Dyjakovice,okres:Znojmo"
329,Jihomoravsky,"Hevlín, okres: Znojmo","Hevlin,okres:Znojmo"
330,Jihomoravsky,"Kuchařovice, okres: Znojmo","Kucharovice,okres:Znojmo"
331,Jihomoravsky,"Znojmo, okres: Znojmo","Znojmo,okres:Znojmo"
332,Olomoucky,"Bělá pod Pradědem, Adolfovice, vodárna, okres: Jeseník","BelapodPradedem,Adolfovice,vodarna,okres:Jesenik"
333,Olomoucky,"Červenohorské sedlo, okres: Jeseník","Cervenohorskesedlo,okres:Jesenik"
334,Olomoucky,"Javorník, okres: Jeseník","Javornik,okres:Jesenik"
335,Olomoucky,"Jeseník, okres: Jeseník","Jesenik,okres:Jesenik"
336,Olomoucky,"Rejvíz, okres: Jeseník","Rejviz,okres:Jesenik"
337,Olomoucky,"Šerák, okres: Jeseník","Serak,okres:Jesenik"
338,Olomoucky,"Uhelná, Nové Vilémovice, okres: Jeseník","Uhelna,NoveVilemovice,okres:Jesenik"
339,Olomoucky,"Vidnava, okres: Jeseník","Vidnava,okres:Jesenik"
340,Olomoucky,"Zlaté Hory, okres: Jeseník","ZlateHory,okres:Jesenik"
341,Olomoucky,"Zlaté Hory, Rejvíz, okres: Jeseník","ZlateHory,Rejviz,okres:Jesenik"
342,Olomoucky,"Bouzov, okres: Olomouc","Bouzov,okres:Olomouc"
343,Olomoucky,"Kozlov, okres: Olomouc","Kozlov,okres:Olomouc"
344,Olomoucky,"Luká, okres: Olomouc","Luka,okres:Olomouc"
345,Olomoucky,"Luká, Ješov, okres: Olomouc","Luka,Jesov,okres:Olomouc"
346,Olomoucky,"Medlov, Hlivice, okres: Olomouc","Medlov,Hlivice,okres:Olomouc"
347,Olomoucky,"Olomouc, Holice, okres: Olomouc","Olomouc,Holice,okres:Olomouc"
348,Olomoucky,"Olomouc, Klášterní Hradisko, okres: Olomouc","Olomouc,KlasterniHradisko,okres:Olomouc"
349,Olomoucky,"Olomouc, Neředín, okres: Olomouc","Olomouc,Neredin,okres:Olomouc"
350,Olomoucky,"Olomouc, Slavonín, okres: Olomouc","Olomouc,Slavonin,okres:Olomouc"
351,Olomoucky,"Paseka, okres: Olomouc","Paseka,okres:Olomouc"
352,Olomoucky,"Paseka, okres: Olomouc","Paseka,okres:Olomouc"
353,Olomoucky,"Šternberk, okres: Olomouc","Sternberk,okres:Olomouc"
354,Olomoucky,"Tršice, okres: Olomouc","Trsice,okres:Olomouc"
355,Olomoucky,"Uničov, okres: Olomouc","Unicov,okres:Olomouc"
356,Olomoucky,"Budětsko, okres: Prostějov","Budetsko,okres:Prostejov"
357,Olomoucky,"Konice, okres: Prostějov","Konice,okres:Prostejov"
358,Olomoucky,"Prostějov, okres: Prostějov","Prostejov,okres:Prostejov"
359,Olomoucky,"Prostějov, okres: Prostějov","Prostejov,okres:Prostejov"
360,Olomoucky,"Protivanov, okres: Prostějov","Protivanov,okres:Prostejov"
361,Olomoucky,"Bělotín, okres: Přerov","Belotin,okres:Prerov"
362,Olomoucky,"Bělotín, Blahutovice, okres: Přerov","Belotin,Blahutovice,okres:Prerov"
363,Olomoucky,"Bělotín, Lučice, okres: Přerov","Belotin,Lucice,okres:Prerov"
364,Olomoucky,"Horní Moštěnice, okres: Přerov","HorniMostenice,okres:Prerov"
365,Olomoucky,"Hranice, okres: Přerov","Hranice,okres:Prerov"
366,Olomoucky,"Hranice, Drahotuše, okres: Přerov","Hranice,Drahotuse,okres:Prerov"
367,Olomoucky,"Kojetín, okres: Přerov","Kojetin,okres:Prerov"
368,Olomoucky,"Lipník nad Bečvou, okres: Přerov","LipniknadBecvou,okres:Prerov"
369,Olomoucky,"Pavlovice u Přerova, okres: Přerov","PavloviceuPrerova,okres:Prerov"
370,Olomoucky,"Potštát, Boškov, okres: Přerov","Potstat,Boskov,okres:Prerov"
371,Olomoucky,"Přerov, okres: Přerov","Prerov,okres:Prerov"
372,Olomoucky,"Přerov, okres: Přerov","Prerov,okres:Prerov"
373,Olomoucky,"Přerov, okres: Přerov","Prerov,okres:Prerov"
374,Olomoucky,"Přerov, Henčlov, okres: Přerov","Prerov,Henclov,okres:Prerov"
375,Olomoucky,"Přerov, Henčlov, okres: Přerov","Prerov,Henclov,okres:Prerov"
376,Olomoucky,"Střítěž nad Ludinou, okres: Přerov","StriteznadLudinou,okres:Prerov"
377,Olomoucky,"Tovačov, okres: Přerov","Tovacov,okres:Prerov"
378,Olomoucky,"Veselíčko, okres: Přerov","Veselicko,okres:Prerov"
379,Olomoucky,"Bílá Voda, okres: Šumperk","BilaVoda,okres:Sumperk"
380,Olomoucky,"Dlouhé Stráně, Kouty nad Desnou, okres: Šumperk","DlouheStrane,KoutynadDesnou,okres:Sumperk"
381,Olomoucky,"Dolní Studénky, Třemešek, okres: Šumperk","DolniStudenky,Tremesek,okres:Sumperk"
382,Olomoucky,"Dubicko, okres: Šumperk","Dubicko,okres:Sumperk"
383,Olomoucky,"Hanušovice, okres: Šumperk","Hanusovice,okres:Sumperk"
384,Olomoucky,"Javorník, okres: Šumperk","Javornik,okres:Sumperk"
385,Olomoucky,"Jeseník, okres: Šumperk","Jesenik,okres:Sumperk"
386,Olomoucky,"Jeseník, Bukovice, okres: Šumperk","Jesenik,Bukovice,okres:Sumperk"
387,Olomoucky,"Králický Sněžník, okres: Šumperk","KralickySneznik,okres:Sumperk"
388,Olomoucky,"Leština, okres: Šumperk","Lestina,okres:Sumperk"
389,Olomoucky,"Malá Morava, Sklené, okres: Šumperk","MalaMorava,Sklene,okres:Sumperk"
390,Olomoucky,"Mohelnice, okres: Šumperk","Mohelnice,okres:Sumperk"
391,Olomoucky,"Olšany u Šumperka, okres: Šumperk","OlsanyuSumperka,okres:Sumperk"
392,Olomoucky,"Oskava, Bedřichov, okres: Šumperk","Oskava,Bedrichov,okres:Sumperk"
393,Olomoucky,"Ostružná, Ramzová, okres: Šumperk","Ostruzna,Ramzova,okres:Sumperk"
394,Olomoucky,"Staré Město pod Sněžníkem, Kunčice, okres: Šumperk","StareMestopodSneznikem,Kuncice,okres:Sumperk"
395,Olomoucky,"Staré Město pod Sněžníkem, Paprsek, okres: Šumperk","StareMestopodSneznikem,Paprsek,okres:Sumperk"
396,Olomoucky,"Štíty, okres: Šumperk","Stity,okres:Sumperk"
397,Olomoucky,"Šumperk, okres: Šumperk","Sumperk,okres:Sumperk"
398,Olomoucky,"Šumperk, Temenice, okres: Šumperk","Sumperk,Temenice,okres:Sumperk"
399,Olomoucky,"Velké Losiny, okres: Šumperk","VelkeLosiny,okres:Sumperk"
400,Olomoucky,"Zábřeh, okres: Šumperk","Zabreh,okres:Sumperk"
401,Moravskoslezsky,"Jindřichov, okres: Bruntál","Jindrichov,okres:Bruntal"
402,Moravskoslezsky,"Karlova Studánka, okres: Bruntál","KarlovaStudanka,okres:Bruntal"
403,Moravskoslezsky,"Karlova Studánka, okres: Bruntál","KarlovaStudanka,okres:Bruntal"
404,Moravskoslezsky,"Karlovice, okres: Bruntál","Karlovice,okres:Bruntal"
405,Moravskoslezsky,"Krnov, okres: Bruntál","Krnov,okres:Bruntal"
406,Moravskoslezsky,"Město Albrechtice, Žáry, okres: Bruntál","MestoAlbrechtice,Zary,okres:Bruntal"
407,Moravskoslezsky,"Moravský Beroun, okres: Bruntál","MoravskyBeroun,okres:Bruntal"
408,Moravskoslezsky,"Osoblaha, okres: Bruntál","Osoblaha,okres:Bruntal"
409,Moravskoslezsky,"Praděd, okres: Bruntál","Praded,okres:Bruntal"
410,Moravskoslezsky,"Rýmařov, okres: Bruntál","Rymarov,okres:Bruntal"
411,Moravskoslezsky,"Rýmařov, Harrachov, okres: Bruntál","Rymarov,Harrachov,okres:Bruntal"
412,Moravskoslezsky,"Rýmařov, město, okres: Bruntál","Rymarov,mesto,okres:Bruntal"
413,Moravskoslezsky,"Slezská Harta, okres: Bruntál","SlezskaHarta,okres:Bruntal"
414,Moravskoslezsky,"Světlá Hora, okres: Bruntál","SvetlaHora,okres:Bruntal"
415,Moravskoslezsky,"Zlaté Hory, Rejvíz, okres: Bruntál","ZlateHory,Rejviz,okres:Bruntal"
416,Moravskoslezsky,"Bílá, Bumbálka, okres: Frýdek-Místek","Bila,Bumbalka,okres:Frydek-Mistek"
417,Moravskoslezsky,"Bílá, Konečná, okres: Frýdek-Místek","Bila,Konecna,okres:Frydek-Mistek"
418,Moravskoslezsky,"Bílá, lesnické učiliště, okres: Frýdek-Místek","Bila,lesnickeuciliste,okres:Frydek-Mistek"
419,Moravskoslezsky,"Bílý Kříž, okres: Frýdek-Místek","BilyKriz,okres:Frydek-Mistek"
420,Moravskoslezsky,"Bumbálka, okres: Frýdek-Místek","Bumbalka,okres:Frydek-Mistek"
421,Moravskoslezsky,"Čeladná, BRC, okres: Frýdek-Místek","Celadna,BRC,okres:Frydek-Mistek"
422,Moravskoslezsky,"Čeladná, Podolánky, okres: Frýdek-Místek","Celadna,Podolanky,okres:Frydek-Mistek"
423,Moravskoslezsky,"Fryčovice, okres: Frýdek-Místek","Frycovice,okres:Frydek-Mistek"
424,Moravskoslezsky,"Frýdek-Místek, Frýdek, okres: Frýdek-Místek","Frydek-Mistek,Frydek,okres:Frydek-Mistek"
425,Moravskoslezsky,"Frýdek-Místek, Místek, okres: Frýdek-Místek","Frydek-Mistek,Mistek,okres:Frydek-Mistek"
426,Moravskoslezsky,"Frýdek-Místek, Místek, okres: Frýdek-Místek","Frydek-Mistek,Mistek,okres:Frydek-Mistek"
427,Moravskoslezsky,"Horní Lomná, okres: Frýdek-Místek","HorniLomna,okres:Frydek-Mistek"
428,Moravskoslezsky,"Hrčava, okres: Frýdek-Místek","Hrcava,okres:Frydek-Mistek"
429,Moravskoslezsky,"Hukvaldy, okres: Frýdek-Místek","Hukvaldy,okres:Frydek-Mistek"
430,Moravskoslezsky,"Jablunkov, okres: Frýdek-Místek","Jablunkov,okres:Frydek-Mistek"
431,Moravskoslezsky,"Jablunkov, Bělá, okres: Frýdek-Místek","Jablunkov,Bela,okres:Frydek-Mistek"
432,Moravskoslezsky,"Jablunkov, Návsí, okres: Frýdek-Místek","Jablunkov,Navsi,okres:Frydek-Mistek"
433,Moravskoslezsky,"Krásná, Visalaje, okres: Frýdek-Místek","Krasna,Visalaje,okres:Frydek-Mistek"
434,Moravskoslezsky,"Lučina, okres: Frýdek-Místek","Lucina,okres:Frydek-Mistek"
435,Moravskoslezsky,"Lysá hora, okres: Frýdek-Místek","Lysahora,okres:Frydek-Mistek"
436,Moravskoslezsky,"Morávka, Lúčka, okres: Frýdek-Místek","Moravka,Lucka,okres:Frydek-Mistek"
437,Moravskoslezsky,"Mosty u Jablunkova, chata Skalka, okres: Frýdek-Místek","MostyuJablunkova,chataSkalka,okres:Frydek-Mistek"
438,Moravskoslezsky,"Nýdek, Filipka, okres: Frýdek-Místek","Nydek,Filipka,okres:Frydek-Mistek"
439,Moravskoslezsky,"Nýdek, Hluchová-Kolibiska, okres: Frýdek-Místek","Nydek,Hluchova-Kolibiska,okres:Frydek-Mistek"
440,Moravskoslezsky,"Ostravice, okres: Frýdek-Místek","Ostravice,okres:Frydek-Mistek"
441,Moravskoslezsky,"Ostravice, Hamrovice, okres: Frýdek-Místek","Ostravice,Hamrovice,okres:Frydek-Mistek"
442,Moravskoslezsky,"Palkovice, Podhůří, okres: Frýdek-Místek","Palkovice,Podhuri,okres:Frydek-Mistek"
443,Moravskoslezsky,"Paskov, okres: Frýdek-Místek","Paskov,okres:Frydek-Mistek"
444,Moravskoslezsky,"Prašivá, okres: Frýdek-Místek","Prasiva,okres:Frydek-Mistek"
445,Moravskoslezsky,"Ropice, okres: Frýdek-Místek","Ropice,okres:Frydek-Mistek"
446,Moravskoslezsky,"Ropička, totalizátor, okres: Frýdek-Místek","Ropicka,totalizator,okres:Frydek-Mistek"
447,Moravskoslezsky,"Staré Hamry, Gruň, okres: Frýdek-Místek","StareHamry,Grun,okres:Frydek-Mistek"
448,Moravskoslezsky,"Šenov, Lapačka, okres: Frýdek-Místek","Senov,Lapacka,okres:Frydek-Mistek"
449,Moravskoslezsky,"Třinec, okres: Frýdek-Místek","Trinec,okres:Frydek-Mistek"
450,Moravskoslezsky,"Třinec, Oldřichovice, Javorový , okres: Frýdek-Místek","Trinec,Oldrichovice,Javorovy,okres:Frydek-Mistek"
451,Moravskoslezsky,"Třinec, Oldřichovice,Javorový vrch, okres: Frýdek-Místek","Trinec,Oldrichovice,Javorovyvrch,okres:Frydek-Mistek"
452,Moravskoslezsky,"Tyra, okres: Frýdek-Místek","Tyra,okres:Frydek-Mistek"
453,Moravskoslezsky,"Bohumín, okres: Karviná","Bohumin,okres:Karvina"
454,Moravskoslezsky,"Bohumín, Starý Bohumín, okres: Karviná","Bohumin,StaryBohumin,okres:Karvina"
455,Moravskoslezsky,"Bohumín, Záblatí, okres: Karviná","Bohumin,Zablati,okres:Karvina"
456,Moravskoslezsky,"Dolní Lutyně, Nerad, okres: Karviná","DolniLutyne,Nerad,okres:Karvina"
457,Moravskoslezsky,"Karviná, okres: Karviná","Karvina,okres:Karvina"
458,Moravskoslezsky,"Karviná, Staré Město, okres: Karviná","Karvina,StareMesto,okres:Karvina"
459,Moravskoslezsky,"Stonava, Hořany, okres: Karviná","Stonava,Horany,okres:Karvina"
460,Moravskoslezsky,"Stonava, Mexiko, okres: Karviná","Stonava,Mexiko,okres:Karvina"
461,Moravskoslezsky,"Bílovec, okres: Nový Jičín","Bilovec,okres:NovyJicin"
462,Moravskoslezsky,"Frenštát pod Radhoštěm, okres: Nový Jičín","FrenstatpodRadhostem,okres:NovyJicin"
463,Moravskoslezsky,"Hladké Životice, okres: Nový Jičín","HladkeZivotice,okres:NovyJicin"
464,Moravskoslezsky,"Hladké Životice, okres: Nový Jičín","HladkeZivotice,okres:NovyJicin"
465,Moravskoslezsky,"Hodslavice, okres: Nový Jičín","Hodslavice,okres:NovyJicin"
466,Moravskoslezsky,"Klimkovice, okres: Nový Jičín","Klimkovice,okres:NovyJicin"
467,Moravskoslezsky,"Mořkov, okres: Nový Jičín","Morkov,okres:NovyJicin"
468,Moravskoslezsky,"Mořkov, okres: Nový Jičín","Morkov,okres:NovyJicin"
469,Moravskoslezsky,"Mošnov, okres: Nový Jičín","Mosnov,okres:NovyJicin"
470,Moravskoslezsky,"Nový Jičín, okres: Nový Jičín","NovyJicin,okres:NovyJicin"
471,Moravskoslezsky,"Odry, okres: Nový Jičín","Odry,okres:NovyJicin"
472,Moravskoslezsky,"Příbor, okres: Nový Jičín","Pribor,okres:NovyJicin"
473,Moravskoslezsky,"Trojanovice, Pindula, okres: Nový Jičín","Trojanovice,Pindula,okres:NovyJicin"
474,Moravskoslezsky,"Trojanovice, Pod Javorníkem, okres: Nový Jičín","Trojanovice,PodJavornikem,okres:NovyJicin"
475,Moravskoslezsky,"Bohdanovice, okres: Opava","Bohdanovice,okres:Opava"
476,Moravskoslezsky,"Červená, okres: Opava","Cervena,okres:Opava"
477,Moravskoslezsky,"Chuchelná, okres: Opava","Chuchelna,okres:Opava"
478,Moravskoslezsky,"Kružberk, okres: Opava","Kruzberk,okres:Opava"
479,Moravskoslezsky,"Melč, okres: Opava","Melc,okres:Opava"
480,Moravskoslezsky,"Opava, okres: Opava","Opava,okres:Opava"
481,Moravskoslezsky,"Opava, Otice, okres: Opava","Opava,Otice,okres:Opava"
482,Moravskoslezsky,"Těškovice, okres: Opava","Teskovice,okres:Opava"
483,Moravskoslezsky,"Vítkov, okres: Opava","Vitkov,okres:Opava"
484,Moravskoslezsky,"Vítkov, okres: Opava","Vitkov,okres:Opava"
485,Moravskoslezsky,"Ostrava, Bělský les, okres: Ostrava-město","Ostrava,Belskyles,okres:Ostrava-mesto"
486,Moravskoslezsky,"Ostrava, Dolní oblast Vítkovic, okres: Ostrava-město","Ostrava,DolnioblastVitkovic,okres:Ostrava-mesto"
487,Moravskoslezsky,"Ostrava, Hošťálkovice, okres: Ostrava-město","Ostrava,Hostalkovice,okres:Ostrava-mesto"
488,Moravskoslezsky,"Ostrava, Hrabová, okres: Ostrava-město","Ostrava,Hrabova,okres:Ostrava-mesto"
489,Moravskoslezsky,"Ostrava, Mariánské Hory, okres: Ostrava-město","Ostrava,MarianskeHory,okres:Ostrava-mesto"
490,Moravskoslezsky,"Ostrava, Martinov, okres: Ostrava-město","Ostrava,Martinov,okres:Ostrava-mesto"
491,Moravskoslezsky,"Ostrava, Moravská Ostrava, okres: Ostrava-město","Ostrava,MoravskaOstrava,okres:Ostrava-mesto"
492,Moravskoslezsky,"Ostrava, Nová Ves, okres: Ostrava-město","Ostrava,NovaVes,okres:Ostrava-mesto"
493,Moravskoslezsky,"Ostrava, Petřkovice, okres: Ostrava-město","Ostrava,Petrkovice,okres:Ostrava-mesto"
494,Moravskoslezsky,"Ostrava, Polanka nad Odrou, okres: Ostrava-město","Ostrava,PolankanadOdrou,okres:Ostrava-mesto"
495,Moravskoslezsky,"Ostrava, Poruba, okres: Ostrava-město","Ostrava,Poruba,okres:Ostrava-mesto"
496,Moravskoslezsky,"Ostrava, Poruba, okres: Ostrava-město","Ostrava,Poruba,okres:Ostrava-mesto"
497,Moravskoslezsky,"Ostrava, Radvanice, okres: Ostrava-město","Ostrava,Radvanice,okres:Ostrava-mesto"
498,Moravskoslezsky,"Ostrava, Slezská Ostrava, okres: Ostrava-město","Ostrava,SlezskaOstrava,okres:Ostrava-mesto"
499,Moravskoslezsky,"Ostrava, Třebovice, okres: Ostrava-město","Ostrava,Trebovice,okres:Ostrava-mesto"
500,Moravskoslezsky,"Ostrava, Vítkovice, Penzion, okres: Ostrava-město","Ostrava,Vitkovice,Penzion,okres:Ostrava-mesto"
501,Moravskoslezsky,"Ostrava, Vítkovice, TEMEX, okres: Ostrava-město","Ostrava,Vitkovice,TEMEX,okres:Ostrava-mesto"
502,Moravskoslezsky,"Ostrava, Výškovice, okres: Ostrava-město","Ostrava,Vyskovice,okres:Ostrava-mesto"
503,Moravskoslezsky,"Ostrava, Zábřeh, okres: Ostrava-město","Ostrava,Zabreh,okres:Ostrava-mesto"
504,Moravskoslezsky,"Ostrava, Zábřeh, okres: Ostrava-město","Ostrava,Zabreh,okres:Ostrava-mesto"
505,Zlinsky,"Bystřice pod Hostýnem, okres: Kroměříž","BystricepodHostynem,okres:Kromeriz"
506,Zlinsky,"Holešov, okres: Kroměříž","Holesov,okres:Kromeriz"
507,Zlinsky,"Kroměříž, okres: Kroměříž","Kromeriz,okres:Kromeriz"
508,Zlinsky,"Rajnochovice, okres: Kroměříž","Rajnochovice,okres:Kromeriz"
509,Zlinsky,"Bojkovice, okres: Uherské Hradiště","Bojkovice,okres:UherskeHradiste"
510,Zlinsky,"Staré Město, okres: Uherské Hradiště","StareMesto,okres:UherskeHradiste"
511,Zlinsky,"Strání, okres: Uherské Hradiště","Strani,okres:UherskeHradiste"
512,Zlinsky,"Uherské Hradiště, okres: Uherské Hradiště","UherskeHradiste,okres:UherskeHradiste"
513,Zlinsky,"Bystřička, okres: Vsetín","Bystricka,okres:Vsetin"
514,Zlinsky,"Bystřička, přehrada, okres: Vsetín","Bystricka,prehrada,okres:Vsetin"
515,Zlinsky,"Halenkov, okres: Vsetín","Halenkov,okres:Vsetin"
516,Zlinsky,"Horní Bečva, okres: Vsetín","HorniBecva,okres:Vsetin"
517,Zlinsky,"Horní Bečva, Kudlačena, okres: Vsetín","HorniBecva,Kudlacena,okres:Vsetin"
518,Zlinsky,"Hošťálková, okres: Vsetín","Hostalkova,okres:Vsetin"
519,Zlinsky,"Hošťálková, Maruška, okres: Vsetín","Hostalkova,Maruska,okres:Vsetin"
520,Zlinsky,"Huslenky, Kychová, okres: Vsetín","Huslenky,Kychova,okres:Vsetin"
521,Zlinsky,"Kateřinice, Ojičná, okres: Vsetín","Katerinice,Ojicna,okres:Vsetin"
522,Zlinsky,"Kunovice, okres: Vsetín","Kunovice,okres:Vsetin"
523,Zlinsky,"Makov, Kasárna, okres: Vsetín","Makov,Kasarna,okres:Vsetin"
524,Zlinsky,"Maruška, okres: Vsetín","Maruska,okres:Vsetin"
525,Zlinsky,"Rožnov pod Radhoštěm, okres: Vsetín","RoznovpodRadhostem,okres:Vsetin"
526,Zlinsky,"Ružďka, Dušná, Putýrka, okres: Vsetín","Ruzdka,Dusna,Putyrka,okres:Vsetin"
527,Zlinsky,"Soláň, HS Beskydy, okres: Vsetín","Solan,HSBeskydy,okres:Vsetin"
528,Zlinsky,"Valašská Bystřice, okres: Vsetín","ValasskaBystrice,okres:Vsetin"
529,Zlinsky,"Valašská Bystřice, Búřov, okres: Vsetín","ValasskaBystrice,Burov,okres:Vsetin"
530,Zlinsky,"Valašská Senice, okres: Vsetín","ValasskaSenice,okres:Vsetin"
531,Zlinsky,"Valašské Meziříčí, okres: Vsetín","ValasskeMezirici,okres:Vsetin"
532,Zlinsky,"Velké Karlovice, okres: Vsetín","VelkeKarlovice,okres:Vsetin"
533,Zlinsky,"Velké Karlovice, Benešky, okres: Vsetín","VelkeKarlovice,Benesky,okres:Vsetin"
534,Zlinsky,"Vsetín, okres: Vsetín","Vsetin,okres:Vsetin"
535,Zlinsky,"Vsetín, MŠ Kobzáňova, okres: Vsetín","Vsetin,MSKobzanova,okres:Vsetin"
536,Zlinsky,"Zubří, okres: Vsetín","Zubri,okres:Vsetin"
537,Zlinsky,"Brumov-Bylnice, Brumov, okres: Zlín","Brumov-Bylnice,Brumov,okres:Zlin"
538,Zlinsky,"Brumov-Bylnice, Bylnice, okres: Zlín","Brumov-Bylnice,Bylnice,okres:Zlin"
539,Zlinsky,"Luhačovice, okres: Zlín","Luhacovice,okres:Zlin"
540,Zlinsky,"Luhačovice, Kladná-Žilín, okres: Zlín","Luhacovice,Kladna-Zilin,okres:Zlin"
541,Zlinsky,"Štítná nad Vláří - Popov, okres: Zlín","StitnanadVlari-Popov,okres:Zlin"
542,Zlinsky,"Štítná nad Vláří - Popov, Štítná nad Vláří, okres: Zlín","StitnanadVlari-Popov,StitnanadVlari,okres:Zlin"
543,Zlinsky,"Vizovice, okres: Zlín","Vizovice,okres:Zlin"
544,Zlinsky,"Zlín, okres: Zlín","Zlin,okres:Zlin"
545,Zlinsky,"Zlín, Mladcová, okres: Zlín","Zlin,Mladcova,okres:Zlin"
